data,tipo_transacao,produto,quantidade,preco_unitario,cliente/fornecedor,vendedor,regiao,custo_frete
2023-01-31,Compra,Cedro,15,379.3972738151323,Cliente C,,Sul,24.03950683025824
2020-11-26,Venda,Cedro,24,342.8998128269838,Cliente C,Maria,Nordeste,0.0
2022-03-16,Compra,Compensado,21,327.8666793324724,Cliente B,,Sudeste,12.075618253727418
2021-04-19,Venda,Eucalipto,92,488.18998347865664,Fornecedor Z,Maria,Centro-Oeste,0.0
2023-06-21,Compra,Pinus,3,436.97318303134426,Cliente C,,Sul,95.39969835279999
2020-11-11,Compra,Eucalipto,9,57.184813499096386,Cliente B,,Nordeste,71.49371669429124
2023-12-22,Venda,MDF,78,225.97727340795836,Cliente B,Ana,Nordeste,0.0
2023-11-14,Compra,Eucalipto,4,133.18450498648718,Cliente B,,Sudeste,0.0
2020-07-20,Compra,Compensado,14,377.2723981353894,Fornecedor Z,,Centro-Oeste,0.0
2020-10-22,Venda,Cedro,82,292.86145957508586,Cliente B,João,Nordeste,0.0
2021-05-07,Venda,Cedro,15,124.37012257835113,Cliente A,Carlos,Sul,0.0
2021-10-09,Compra,MDF,81,370.1038787368925,Fornecedor X,,Sul,0.0
2020-08-18,Compra,Pinus,28,438.3965416440171,Fornecedor Y,,Sudeste,43.37364269784397
2022-03-15,Venda,Compensado,86,449.24573415934697,Cliente A,Carlos,Sul,0.0
2021-10-04,Venda,Cedro,90,156.19321388703008,Fornecedor Z,Carlos,Centro-Oeste,0.0
2022-11-04,Compra,Eucalipto,77,140.7736410509283,Cliente A,,Nordeste,0.0
2021-04-29,Venda,Cedro,15,389.9980123443719,Fornecedor Y,João,Nordeste,0.0
2023-06-20,Compra,Compensado,66,330.95932166020697,Fornecedor Z,,Sul,51.08811134346192
2023-09-25,Compra,MDF,92,210.33402713463872,Fornecedor Z,,Sul,68.29211084872261
2021-09-24,Compra,Cedro,3,53.128458739035814,Fornecedor X,,Sul,0.0
2023-06-02,Venda,Eucalipto,44,159.85648501149836,Fornecedor X,Maria,Nordeste,0.0
2023-06-10,Compra,Pinus,62,487.3019372244323,Fornecedor Y,,Nordeste,54.75236553031469
2023-02-10,Venda,Pinus,56,66.59912630953976,Cliente A,Maria,Sudeste,0.0
2022-05-04,Venda,Pinus,1,157.8028508001376,Cliente B,João,Nordeste,0.0
2023-12-10,Venda,Compensado,55,392.7288268979229,Fornecedor X,João,Centro-Oeste,0.0
2022-06-02,Compra,MDF,16,425.88612301515707,Fornecedor Y,,Centro-Oeste,13.669762739928753
2021-10-21,Compra,MDF,36,57.46452301753527,Fornecedor X,,Centro-Oeste,68.06555113685049
2021-05-03,Venda,Eucalipto,1,354.06055266767635,Cliente A,João,Sudeste,0.0
2023-08-14,Venda,Compensado,16,417.7499900905471,Cliente A,Ana,Nordeste,99.66283297821319
2020-09-10,Compra,Cedro,37,447.1863544352029,Cliente A,,Sul,0.0
2022-03-26,Compra,MDF,20,449.18889091930276,Cliente A,,Nordeste,0.0
2023-12-14,Compra,Compensado,99,217.5272449527844,Cliente A,,Centro-Oeste,0.0
2022-07-02,Compra,Eucalipto,66,361.35283896171194,Cliente C,,Sul,11.626782725396879
2021-02-01,Venda,Compensado,8,432.1505347223801,Cliente A,Ana,Sul,0.0
2022-08-12,Venda,Cedro,51,451.420949829701,Fornecedor X,Carlos,Sudeste,0.0
2020-10-10,Venda,Pinus,69,153.58337070869987,Fornecedor X,Ana,Centro-Oeste,0.0
2020-01-17,Compra,Compensado,30,479.2678596511643,Cliente C,,Sudeste,0.0
2022-11-26,Compra,Cedro,46,484.9946685696513,Fornecedor X,,Nordeste,0.0
2020-07-09,Venda,Cedro,32,433.0115021825856,Fornecedor X,Ana,Sudeste,0.0
2021-07-19,Compra,MDF,46,93.72942219684583,Fornecedor Z,,Centro-Oeste,56.64966871273631
2023-11-10,Compra,Pinus,33,111.47959914891297,Fornecedor Z,,Nordeste,0.0
2022-01-28,Compra,MDF,50,440.18254336104667,Cliente C,,Nordeste,0.0
2020-02-05,Venda,Compensado,65,81.92341264996745,Fornecedor Z,Ana,Sudeste,0.0
2021-04-15,Venda,Compensado,98,92.29187292839106,Fornecedor Z,Carlos,Sul,98.3656799479478
2020-05-29,Compra,Eucalipto,86,162.6131122321388,Cliente B,,Sudeste,0.0
2022-09-29,Compra,Cedro,97,422.5410517044149,Fornecedor Y,,Nordeste,0.0
2023-01-31,Compra,Cedro,96,289.1095842056666,Fornecedor X,,Centro-Oeste,21.947088001867282
2021-01-04,Compra,Eucalipto,30,68.4803825455441,Fornecedor X,,Nordeste,0.0
2023-10-01,Venda,Eucalipto,62,426.1910542304926,Cliente A,Ana,Sul,92.36923548638325
2022-03-12,Compra,Pinus,1,479.68937629843737,Cliente C,,Sudeste,0.0
2023-01-04,Compra,MDF,86,56.47706988339014,Fornecedor Z,,Nordeste,13.665592208707313
2022-08-15,Compra,Cedro,76,57.722495824287606,Cliente B,,Nordeste,0.0
2023-08-05,Compra,Cedro,23,71.62651588866518,Fornecedor Z,,Sul,0.0
2023-04-18,Venda,Eucalipto,19,276.41131636103944,Cliente A,Ana,Sul,0.0
2022-11-05,Compra,Eucalipto,92,313.5990115730585,Fornecedor X,,Nordeste,0.0
2021-11-20,Venda,Compensado,33,256.21380072118245,Fornecedor X,Carlos,Sul,0.0
2023-12-11,Compra,Eucalipto,43,138.1060106551834,Cliente C,,Nordeste,11.639964308639476
2021-05-13,Compra,MDF,87,82.03489180710304,Cliente C,,Sudeste,0.0
2022-10-18,Compra,MDF,7,103.17417242974531,Cliente C,,Sudeste,0.0
2021-02-16,Compra,Compensado,89,411.5664186731819,Cliente A,,Nordeste,77.55532764767725
2020-07-10,Venda,Pinus,99,235.6779546101419,Cliente B,João,Centro-Oeste,0.0
2021-10-24,Compra,Cedro,12,243.04731231875826,Cliente C,,Centro-Oeste,0.0
2022-05-22,Compra,Pinus,62,273.45253580738495,Cliente A,,Sudeste,18.998639844567705
2021-01-30,Venda,Pinus,19,91.0790045537601,Fornecedor Y,Maria,Centro-Oeste,0.0
2022-04-30,Compra,Cedro,69,181.94484726412904,Cliente A,,Nordeste,0.0
2023-03-20,Compra,Pinus,39,91.04274637191067,Cliente B,,Sudeste,59.4575994091362
2023-03-02,Venda,Cedro,75,102.68015739242264,Fornecedor Y,João,Sudeste,0.0
2022-07-01,Venda,Cedro,40,82.74335286388708,Cliente B,Carlos,Sudeste,56.19935518231536
2023-12-16,Venda,Cedro,65,446.1619858872876,Cliente A,Carlos,Centro-Oeste,0.0
2023-03-01,Compra,Compensado,31,266.7501445838519,Fornecedor Y,,Sudeste,0.0
2021-12-14,Compra,MDF,39,245.5033300197221,Cliente C,,Sul,0.0
2022-12-17,Compra,Compensado,72,102.8868110496972,Cliente A,,Centro-Oeste,0.0
2020-12-13,Compra,Pinus,63,264.97170089610245,Cliente A,,Nordeste,0.0
2023-02-14,Compra,Eucalipto,44,490.0553009394219,Cliente C,,Sul,0.0
2020-03-20,Compra,Cedro,75,463.60207187539675,Fornecedor Y,,Centro-Oeste,0.0
2023-11-26,Venda,Pinus,49,363.08691004307775,Cliente A,João,Sudeste,0.0
2021-10-17,Venda,Pinus,75,176.43343531650365,Fornecedor Z,Ana,Nordeste,0.0
2022-10-28,Compra,Compensado,36,258.664282222992,Cliente B,,Nordeste,0.0
2022-01-01,Venda,Pinus,64,253.95838107297396,Cliente A,João,Sul,0.0
2021-04-05,Compra,Cedro,13,459.9172330222291,Cliente C,,Sudeste,0.0
2020-09-12,Venda,Pinus,66,87.23678901588775,Fornecedor Z,Maria,Centro-Oeste,12.37302770475268
2021-01-08,Venda,Eucalipto,96,493.378722799477,Fornecedor X,João,Sudeste,0.0
2022-04-06,Venda,Pinus,77,78.5803233155006,Cliente A,Carlos,Centro-Oeste,15.073794698583441
2021-06-01,Compra,Pinus,69,499.87295297875875,Fornecedor Z,,Centro-Oeste,0.0
2022-09-23,Venda,Cedro,74,432.34132580483515,Cliente A,João,Sudeste,32.62981955606186
2021-11-15,Venda,Compensado,62,445.19930036563653,Cliente B,Ana,Centro-Oeste,70.44158760335196
2021-11-04,Compra,MDF,50,433.48167514334307,Fornecedor Z,,Nordeste,0.0
2022-02-01,Venda,Pinus,47,239.2411003992838,Cliente C,João,Sudeste,0.0
2021-03-10,Venda,Compensado,98,207.76440146296864,Cliente B,Maria,Sudeste,0.0
2021-03-10,Venda,Eucalipto,52,296.3508381046002,Cliente A,Ana,Centro-Oeste,0.0
2022-01-28,Compra,MDF,81,477.28428064593896,Fornecedor Y,,Sudeste,0.0
2023-09-15,Venda,Compensado,84,256.6110903072176,Cliente B,Maria,Sul,0.0
2020-05-05,Venda,MDF,75,84.13849764889876,Cliente A,Carlos,Centro-Oeste,0.0
2023-10-29,Compra,Compensado,4,205.55027749573844,Fornecedor X,,Nordeste,0.0
2020-04-02,Compra,Eucalipto,61,136.53005846390187,Fornecedor X,,Sul,35.073130512876276
2021-06-17,Venda,Pinus,5,257.3504456147266,Cliente B,Maria,Sudeste,39.70895619791399
2023-01-01,Compra,Pinus,47,332.5551752709085,Fornecedor Z,,Centro-Oeste,0.0
2020-12-02,Compra,Compensado,1,88.03265345630686,Fornecedor X,,Sul,0.0
2020-10-29,Venda,Eucalipto,28,216.01113780639758,Cliente B,João,Sudeste,32.719324990961866
2022-10-27,Venda,MDF,18,251.3355650705546,Fornecedor X,Carlos,Centro-Oeste,76.36646854844372
2020-01-28,Compra,Pinus,17,145.15160314844508,Cliente B,,Sudeste,90.14745526659054
2023-05-20,Venda,Compensado,10,405.12705737330225,Cliente C,Maria,Centro-Oeste,0.0
2020-02-03,Venda,Pinus,83,220.44768167808022,Cliente C,Maria,Nordeste,0.0
2020-11-10,Venda,Cedro,33,53.39046341033363,Cliente C,Maria,Sudeste,24.46132359336001
2022-04-22,Compra,Pinus,3,286.0301253066146,Cliente C,,Nordeste,0.0
2020-01-06,Compra,Compensado,92,462.82802588848926,Fornecedor Z,,Sudeste,25.379882865105923
2022-08-04,Compra,Pinus,66,300.5433018562684,Cliente B,,Centro-Oeste,0.0
2020-11-21,Compra,Compensado,19,139.7781173022439,Fornecedor Y,,Sul,0.0
2020-01-01,Compra,Cedro,11,469.40645401562034,Cliente C,,Centro-Oeste,0.0
2022-06-20,Compra,Eucalipto,5,78.5187367127455,Fornecedor Y,,Sudeste,0.0
2020-11-16,Venda,Cedro,73,392.10253695035897,Fornecedor X,Carlos,Nordeste,0.0
2023-12-13,Compra,Pinus,69,423.7787335044781,Fornecedor Y,,Sudeste,75.77807276832799
2023-03-06,Compra,Compensado,99,79.92332031504986,Fornecedor Z,,Nordeste,0.0
2022-05-22,Venda,Compensado,30,421.30970451175875,Cliente C,João,Centro-Oeste,0.0
2023-12-04,Compra,Compensado,89,444.7402433658987,Cliente A,,Sudeste,0.0
2023-08-11,Compra,MDF,38,292.9014778615849,Cliente A,,Sul,0.0
2022-10-03,Venda,Eucalipto,78,79.97860057586763,Fornecedor X,Carlos,Centro-Oeste,0.0
2021-08-01,Venda,MDF,72,362.1729233315023,Fornecedor Y,Carlos,Centro-Oeste,0.0
2021-04-22,Venda,MDF,36,498.9616771657295,Cliente A,João,Sul,76.95516633154092
2023-07-01,Compra,Eucalipto,10,272.29166920888815,Cliente B,,Sul,58.283321633613525
2022-03-25,Compra,Cedro,88,321.7810424326306,Cliente C,,Nordeste,30.632625570937734
2022-04-23,Venda,Eucalipto,27,338.5164347983838,Fornecedor X,Ana,Nordeste,0.0
2023-07-30,Venda,Compensado,11,481.5836575538125,Fornecedor Z,Maria,Nordeste,0.0
2020-12-11,Compra,MDF,12,460.3335839793341,Fornecedor Z,,Sudeste,0.0
2022-04-07,Venda,Compensado,68,405.538086705839,Cliente C,Ana,Centro-Oeste,61.86595241501318
2023-11-02,Venda,MDF,29,96.91113472331428,Cliente A,Maria,Centro-Oeste,0.0
2022-03-24,Venda,Cedro,90,427.50413890067034,Fornecedor Z,Carlos,Sul,0.0
2021-07-20,Venda,Cedro,47,74.6427374699141,Cliente A,Maria,Nordeste,0.0
2022-07-25,Venda,Compensado,25,438.58316327583066,Fornecedor Z,Maria,Centro-Oeste,0.0
2021-02-21,Venda,Pinus,43,64.78100160954726,Fornecedor X,Carlos,Sudeste,54.853099546553175
2021-12-10,Venda,Pinus,49,401.22306839573946,Fornecedor X,Maria,Sudeste,69.71836348150396
2022-08-24,Venda,Compensado,49,300.78741600052155,Fornecedor Z,Ana,Centro-Oeste,0.0
2021-07-14,Venda,Pinus,96,80.18441482479237,Fornecedor X,Carlos,Nordeste,0.0
2020-02-01,Compra,Cedro,49,66.4473505316427,Fornecedor Z,,Nordeste,0.0
2020-01-18,Venda,MDF,47,287.4414785651536,Fornecedor Z,Ana,Sul,0.0
2022-08-04,Venda,Compensado,1,200.46326508971697,Fornecedor X,Ana,Sudeste,67.95995889151142
2023-11-04,Venda,Compensado,32,372.18750298132886,Cliente C,Ana,Sul,0.0
2021-03-18,Venda,Cedro,72,96.84886189305823,Cliente C,Carlos,Centro-Oeste,0.0
2022-10-03,Compra,Eucalipto,35,159.42748594975433,Fornecedor Z,,Nordeste,0.0
2021-05-05,Compra,Compensado,37,113.4868319499711,Fornecedor Z,,Centro-Oeste,0.0
2020-01-07,Compra,Pinus,23,431.6576429600976,Cliente C,,Centro-Oeste,0.0
2021-11-30,Compra,Eucalipto,1,417.8496027822984,Fornecedor Y,,Centro-Oeste,44.17231673505402
2021-04-15,Venda,Compensado,20,330.86700853211033,Fornecedor Z,Ana,Sudeste,0.0
2022-12-12,Compra,MDF,86,400.89144865461384,Cliente A,,Sudeste,0.0
2020-02-28,Compra,Pinus,81,170.90481172322575,Cliente B,,Sul,0.0
2023-05-09,Compra,MDF,4,109.52429500639867,Cliente C,,Sul,0.0
2022-03-15,Venda,Eucalipto,85,416.7744927811057,Cliente A,Maria,Sudeste,0.0
2023-03-22,Compra,Eucalipto,76,142.88957229227145,Cliente B,,Sudeste,91.00167776632946
2021-10-07,Venda,Eucalipto,12,334.8941285108514,Cliente C,Carlos,Sudeste,0.0
2022-07-10,Venda,Compensado,62,283.5129673772769,Cliente B,Ana,Sudeste,0.0
2022-03-29,Venda,Compensado,26,80.71236740934121,Fornecedor X,Ana,Centro-Oeste,0.0
2023-02-10,Venda,MDF,54,264.22268098959483,Fornecedor Z,Maria,Sul,0.0
2022-01-20,Compra,MDF,99,428.6883471395195,Cliente A,,Sudeste,0.0
2021-04-26,Venda,Eucalipto,66,97.96921391019731,Cliente A,Ana,Sul,0.0
2020-03-01,Venda,Eucalipto,25,160.88091495759807,Fornecedor X,Maria,Sul,97.09294493863779
2020-04-11,Compra,Compensado,19,191.5684505642349,Fornecedor X,,Centro-Oeste,0.0
2022-11-06,Compra,Pinus,55,284.58530033610623,Fornecedor Y,,Sudeste,0.0
2020-12-04,Compra,Cedro,81,346.4525150198228,Fornecedor Z,,Nordeste,0.0
2021-04-10,Venda,Compensado,15,361.9288451556161,Cliente A,João,Sudeste,73.50176552641196
2021-12-11,Venda,Eucalipto,85,262.9445531366,Fornecedor Z,Carlos,Sul,0.0
2022-06-01,Compra,Eucalipto,59,474.91992010104525,Cliente B,,Centro-Oeste,0.0
2022-07-23,Venda,Eucalipto,59,423.0119633678048,Cliente A,Maria,Centro-Oeste,0.0
2021-09-11,Compra,Cedro,98,448.24926043547646,Fornecedor X,,Nordeste,0.0
2022-09-09,Compra,Pinus,4,405.8254241775336,Cliente A,,Sul,0.0
2020-01-16,Venda,Eucalipto,66,60.98035170044211,Cliente B,Maria,Sudeste,26.692561861905023
2023-07-21,Compra,MDF,39,54.268445132824134,Cliente C,,Sudeste,13.383709588563478
2022-01-17,Venda,Compensado,10,91.26470080014356,Fornecedor Y,João,Sul,19.94267018182552
2023-03-11,Compra,Eucalipto,68,371.99899185540886,Cliente C,,Sul,91.93051918517808
2021-08-07,Venda,Pinus,88,105.99690078358536,Fornecedor X,Maria,Sul,0.0
2022-07-27,Compra,MDF,62,326.0351251448185,Cliente A,,Centro-Oeste,0.0
2023-08-26,Venda,MDF,74,71.12541071651586,Cliente A,Maria,Sul,80.16260262100779
2020-02-23,Venda,Pinus,9,467.48852743784585,Cliente B,João,Sul,56.37231318832533
2022-04-29,Compra,Pinus,88,453.84626662079177,Fornecedor X,,Sudeste,0.0
2022-06-11,Venda,Pinus,73,452.71464855252793,Cliente C,Maria,Centro-Oeste,0.0
2023-09-08,Venda,Compensado,29,449.93663594103975,Cliente A,Maria,Nordeste,39.61462288328839
2023-07-08,Venda,MDF,98,233.80394588181443,Fornecedor Z,Ana,Centro-Oeste,0.0
2022-07-02,Compra,Cedro,60,99.26098702450425,Fornecedor Y,,Sul,0.0
2023-02-11,Compra,Cedro,96,282.23555919962746,Fornecedor X,,Sudeste,0.0
2022-11-29,Compra,MDF,77,170.1627215762396,Fornecedor Z,,Nordeste,0.0
2023-04-06,Compra,Pinus,59,440.28239043191104,Cliente A,,Sul,0.0
2023-09-30,Venda,Eucalipto,63,364.5458321178144,Fornecedor Y,Carlos,Sul,0.0
2022-04-05,Venda,MDF,31,421.6175377541432,Cliente B,Ana,Centro-Oeste,91.78311783424311
2020-03-22,Compra,Eucalipto,78,390.4861117032206,Fornecedor Y,,Centro-Oeste,17.56884020211862
2023-02-10,Venda,Pinus,95,219.51291289405944,Cliente C,Carlos,Nordeste,78.49251122518253
2021-08-08,Venda,Eucalipto,63,226.46804515033847,Fornecedor Z,João,Sul,0.0
2022-07-04,Compra,Compensado,68,185.4336051260673,Cliente A,,Nordeste,62.39534141586459
2021-12-05,Compra,Eucalipto,82,442.1915627685693,Cliente C,,Nordeste,0.0
2023-06-04,Compra,Cedro,76,61.06411240646068,Fornecedor X,,Sul,0.0
2020-03-19,Compra,MDF,75,357.48291947292734,Cliente B,,Sudeste,99.74120501419401
2023-01-27,Venda,Pinus,39,287.16084329533794,Cliente C,João,Centro-Oeste,17.414294105425842
2022-08-31,Compra,MDF,27,440.6244451395318,Fornecedor Z,,Nordeste,75.8143060276317
2020-10-29,Compra,Cedro,59,484.0342125215938,Fornecedor X,,Sul,0.0
2023-07-04,Compra,Compensado,38,153.47957265098879,Cliente C,,Centro-Oeste,68.65001428382965
2023-07-18,Compra,MDF,72,121.66058222566902,Cliente A,,Sul,23.829223434500143
2022-11-16,Compra,Eucalipto,71,331.7991447341369,Fornecedor Y,,Sul,0.0
2021-01-12,Venda,Compensado,46,257.9437808445473,Fornecedor Z,Maria,Centro-Oeste,71.70087585060742
2021-06-04,Compra,Pinus,60,78.89402168381034,Fornecedor Z,,Sul,81.78031905734693
2021-01-29,Compra,Cedro,81,55.22924295864529,Cliente B,,Sudeste,0.0
2023-10-21,Venda,MDF,45,390.6766704250505,Fornecedor Y,Maria,Sul,53.24562525320461
2023-01-16,Venda,Pinus,76,493.9981669702159,Fornecedor Z,Maria,Nordeste,0.0
2021-12-14,Compra,Eucalipto,97,282.97023952312014,Cliente A,,Sul,0.0
2021-08-11,Compra,Eucalipto,22,194.94261599870092,Fornecedor Z,,Centro-Oeste,72.3874546740413
2020-05-22,Compra,Eucalipto,44,97.05552815048011,Fornecedor X,,Sul,0.0
2020-01-09,Compra,Pinus,95,293.5833508854817,Cliente B,,Nordeste,0.0
2023-09-03,Compra,MDF,7,347.36905323466283,Fornecedor Y,,Sudeste,0.0
2021-02-13,Venda,MDF,41,123.79976644527376,Fornecedor Z,Carlos,Sudeste,32.23929106091318
2022-06-27,Venda,Cedro,19,489.1393651186091,Fornecedor Y,João,Nordeste,0.0
2020-11-04,Venda,MDF,44,299.91359792193407,Cliente B,Carlos,Sudeste,0.0
2020-11-07,Venda,MDF,3,86.68692029859201,Fornecedor X,Carlos,Sul,12.758725198522546
2020-12-18,Venda,Compensado,49,440.7226274337712,Cliente B,João,Nordeste,0.0
2021-05-30,Compra,Compensado,20,277.180196851858,Cliente B,,Sul,0.0
2021-02-23,Compra,Cedro,98,269.00102364111626,Cliente B,,Centro-Oeste,0.0
2020-10-21,Compra,MDF,58,460.5635055275109,Fornecedor Y,,Centro-Oeste,0.0
2020-01-21,Venda,Pinus,99,399.20009316594326,Fornecedor Y,Ana,Sudeste,31.378899243148986
2020-11-29,Compra,Cedro,69,81.10975378397875,Cliente A,,Sudeste,46.451871917228935
2020-01-14,Compra,Pinus,84,316.82788314571735,Fornecedor Z,,Sul,0.0
2020-01-28,Compra,MDF,5,196.3355289011127,Fornecedor Y,,Nordeste,0.0
2022-07-07,Venda,MDF,10,83.0735362985057,Fornecedor Z,Ana,Sudeste,0.0
2022-04-23,Compra,Pinus,1,252.24522584618197,Fornecedor X,,Nordeste,0.0
2021-07-29,Compra,Compensado,28,66.50214212009433,Cliente C,,Centro-Oeste,0.0
2020-06-13,Venda,Pinus,44,250.8658909306635,Fornecedor Z,Ana,Centro-Oeste,34.277465036529065
2022-08-26,Venda,Cedro,20,73.26357675868714,Cliente A,Carlos,Centro-Oeste,0.0
2022-12-18,Venda,Pinus,51,68.70778657267644,Cliente B,Ana,Sul,0.0
2023-06-28,Venda,Eucalipto,89,337.60397201697515,Cliente A,Carlos,Centro-Oeste,56.95570419725918
2022-07-07,Compra,Compensado,23,63.48811544270508,Cliente C,,Nordeste,0.0
2022-01-15,Compra,Eucalipto,85,92.25532210523826,Cliente C,,Nordeste,96.70121495383592
2023-04-13,Compra,Pinus,55,490.3840793302387,Fornecedor X,,Sudeste,31.973256138013685
2020-10-29,Compra,Pinus,76,100.89941858445786,Cliente A,,Sudeste,0.0
2022-10-21,Venda,Cedro,48,343.05483966867143,Cliente B,Maria,Nordeste,64.44585304214868
2021-07-28,Venda,Pinus,41,497.00162181138285,Cliente C,João,Sul,0.0
2021-05-03,Venda,Compensado,98,231.86314474296483,Fornecedor Z,Ana,Sudeste,0.0
2021-01-31,Venda,MDF,75,219.05251334677692,Fornecedor Z,Maria,Centro-Oeste,39.21272469102433
2023-01-04,Compra,Cedro,19,224.8511455716556,Cliente A,,Sul,43.59266124664061
2020-04-11,Compra,MDF,99,125.79997331422383,Fornecedor Z,,Sudeste,0.0
2022-10-23,Venda,Eucalipto,72,283.5868033112981,Fornecedor Z,Ana,Sul,0.0
2021-10-26,Compra,Cedro,98,286.9807087710318,Fornecedor Y,,Nordeste,0.0
2022-08-01,Venda,Eucalipto,43,58.204662204362734,Fornecedor X,Carlos,Nordeste,0.0
2023-02-21,Venda,Pinus,36,467.165545158338,Fornecedor Y,João,Sul,0.0
2023-09-19,Venda,Compensado,52,351.54321557492375,Cliente C,Carlos,Nordeste,0.0
2023-03-13,Compra,Compensado,30,372.2678034004371,Cliente A,,Sul,0.0
2023-09-30,Compra,MDF,7,356.5030342842423,Cliente B,,Centro-Oeste,0.0
2022-08-16,Compra,Pinus,42,133.35280094633436,Fornecedor Y,,Nordeste,0.0
2023-11-09,Compra,Cedro,47,478.13150399299565,Fornecedor Z,,Sudeste,0.0
2023-05-28,Venda,Eucalipto,9,340.97266104028705,Cliente B,João,Sul,0.0
2020-05-31,Compra,Pinus,26,165.04024901417253,Fornecedor Y,,Sudeste,0.0
2022-12-19,Venda,Eucalipto,89,92.99089122560068,Fornecedor Y,Maria,Sul,0.0
2021-08-03,Venda,Pinus,99,441.16683109297367,Cliente A,Carlos,Sul,12.127472744170277
2021-02-22,Compra,MDF,10,165.59773144057166,Cliente C,,Sul,22.75969541743917
2023-09-05,Venda,Cedro,18,231.94344564693145,Fornecedor Z,João,Centro-Oeste,0.0
2021-04-03,Venda,Compensado,46,96.84934222287485,Cliente B,Maria,Sudeste,0.0
2021-09-12,Compra,Compensado,97,318.0878276850305,Cliente A,,Nordeste,0.0
2022-12-29,Venda,Compensado,13,283.57690590872164,Cliente B,Ana,Sul,67.61514014453495
2022-02-14,Compra,Eucalipto,67,289.8310039481009,Cliente C,,Sudeste,0.0
2023-02-27,Venda,Compensado,2,213.32492233069638,Fornecedor X,Maria,Centro-Oeste,0.0
2023-07-11,Compra,Compensado,58,480.9313780274211,Cliente C,,Sul,0.0
2022-10-13,Venda,Eucalipto,62,240.2101010282853,Fornecedor Y,João,Nordeste,0.0
2022-09-06,Venda,Cedro,23,229.69216211418868,Fornecedor Z,João,Nordeste,0.0
2020-12-29,Venda,Pinus,30,284.431089772419,Fornecedor Z,Maria,Sudeste,0.0
2022-03-10,Venda,Cedro,16,278.0772943192172,Fornecedor Y,Maria,Sul,37.28155203507957
2020-04-23,Venda,Eucalipto,85,205.8447958650516,Cliente A,João,Sul,0.0
2023-04-18,Compra,Eucalipto,68,443.00149777573154,Fornecedor Z,,Centro-Oeste,0.0
2020-05-22,Compra,Compensado,12,468.7678465897623,Cliente B,,Sudeste,0.0
2023-03-27,Compra,Eucalipto,30,374.63993029792925,Fornecedor X,,Nordeste,83.68615036668432
2021-02-02,Venda,MDF,66,119.20601735061399,Fornecedor X,Maria,Sudeste,0.0
2020-09-22,Venda,Eucalipto,25,265.7094980620333,Cliente A,Ana,Centro-Oeste,0.0
2023-02-07,Compra,Cedro,52,276.1547344085491,Cliente A,,Sudeste,43.07809800623783
2023-11-16,Venda,Eucalipto,68,110.82483011967025,Fornecedor Y,João,Nordeste,0.0
2020-05-07,Compra,Compensado,13,471.4021282476472,Fornecedor Y,,Sudeste,86.63037737961388
2021-11-02,Venda,MDF,2,342.590491579169,Fornecedor X,Carlos,Centro-Oeste,0.0
2022-02-16,Venda,Eucalipto,11,389.41409495473835,Cliente A,Carlos,Centro-Oeste,16.716683290337354
2023-03-25,Compra,MDF,7,361.47260376235937,Fornecedor Y,,Sul,0.0
2022-02-23,Venda,Compensado,52,128.18866804803253,Fornecedor Y,Ana,Sudeste,0.0
2022-12-22,Venda,Compensado,63,252.40309196959512,Cliente C,Carlos,Centro-Oeste,0.0
2022-09-08,Compra,Cedro,86,483.72002396705795,Cliente B,,Sudeste,0.0
2020-09-02,Compra,Cedro,10,356.43867225721004,Cliente C,,Sul,0.0
2020-08-29,Venda,Cedro,53,410.6917003473453,Cliente C,Ana,Nordeste,0.0
2021-05-11,Compra,MDF,63,274.7002257403782,Cliente C,,Sudeste,87.81943529263759
2021-09-15,Compra,Eucalipto,99,219.1497283155962,Fornecedor Y,,Sul,0.0
2020-01-21,Compra,Cedro,64,404.1065238148828,Cliente A,,Sul,0.0
2021-07-25,Compra,Cedro,97,428.39221074166517,Cliente B,,Nordeste,0.0
2022-02-27,Compra,MDF,34,223.85700943174197,Fornecedor Z,,Nordeste,90.04518245159598
2022-05-05,Venda,MDF,69,381.84519592466853,Cliente A,Carlos,Sul,13.421966341370943
2020-03-27,Venda,Pinus,51,82.06552749436636,Cliente A,João,Nordeste,0.0
2020-12-31,Compra,MDF,52,398.59408903153184,Fornecedor X,,Nordeste,0.0
2021-03-17,Venda,Cedro,94,423.74050538217796,Cliente B,Maria,Centro-Oeste,97.10740313605274
2023-05-31,Compra,Pinus,73,221.87283784380315,Cliente B,,Centro-Oeste,65.35116712349799
2020-06-17,Venda,Eucalipto,62,453.1165688173469,Cliente B,João,Nordeste,98.19732964229655
2021-01-08,Venda,Cedro,32,386.6329307432894,Fornecedor Y,Maria,Centro-Oeste,19.972716596182636
2023-11-26,Venda,Pinus,25,219.19680047359014,Fornecedor Z,Ana,Sudeste,0.0
2022-02-28,Compra,Compensado,85,354.1920240138599,Fornecedor X,,Sudeste,99.31738604405231
2020-05-01,Compra,Pinus,12,463.5169401377995,Cliente B,,Sul,0.0
2021-10-22,Compra,Compensado,96,129.8429462613681,Fornecedor Z,,Sudeste,0.0
2021-06-17,Compra,Cedro,13,124.1666670782467,Cliente C,,Sul,0.0
2020-10-09,Compra,MDF,23,428.31636260504,Cliente C,,Sudeste,0.0
2023-10-08,Compra,MDF,63,97.66882065132182,Cliente C,,Sudeste,0.0
2023-10-22,Venda,Cedro,8,257.70086348890544,Cliente A,Ana,Sul,0.0
2023-02-01,Venda,Eucalipto,98,141.81603558300446,Cliente B,João,Nordeste,0.0
2022-07-11,Compra,Pinus,13,292.41305030436763,Fornecedor Y,,Sudeste,0.0
2020-11-09,Compra,Compensado,81,54.964226418109604,Cliente A,,Sudeste,0.0
2022-11-09,Venda,MDF,95,187.52189697059669,Fornecedor X,João,Sudeste,0.0
2023-11-05,Compra,Compensado,10,448.7881012092835,Fornecedor X,,Sudeste,0.0
2022-04-01,Compra,Cedro,74,328.8152018569283,Fornecedor Y,,Nordeste,0.0
2022-11-09,Venda,Compensado,93,339.0464866573523,Cliente C,Ana,Sudeste,0.0
2022-06-18,Compra,Eucalipto,30,412.2450498563464,Fornecedor Y,,Nordeste,0.0
2023-09-04,Compra,MDF,22,362.93704174762394,Fornecedor Y,,Sudeste,0.0
2023-02-14,Venda,Compensado,64,284.13345961339434,Cliente C,Ana,Sudeste,0.0
2023-04-21,Venda,Eucalipto,63,149.27537872004507,Fornecedor X,Ana,Centro-Oeste,0.0
2022-10-16,Compra,Cedro,33,239.5616239823324,Fornecedor Y,,Nordeste,0.0
2021-02-02,Compra,Compensado,75,382.9938740085253,Cliente B,,Nordeste,60.899496842929636
2020-05-17,Compra,MDF,77,365.1133817500345,Fornecedor Z,,Sudeste,0.0
2021-12-10,Venda,MDF,51,473.30566030190323,Cliente B,Carlos,Sudeste,43.92227482627348
2020-02-18,Venda,Eucalipto,64,267.33599243840985,Fornecedor Z,Maria,Nordeste,91.35219972343373
2022-07-19,Venda,Pinus,70,75.7761129849305,Fornecedor Z,Ana,Nordeste,77.62375774261412
2022-09-11,Compra,Cedro,30,177.2355603104429,Cliente B,,Sudeste,34.814786778599704
2023-05-28,Compra,Eucalipto,80,217.04319225049923,Cliente B,,Sul,0.0
2022-04-20,Venda,Compensado,56,70.92526389802947,Cliente B,Maria,Centro-Oeste,57.91786140476954
2022-12-29,Venda,Eucalipto,32,348.7053587790151,Fornecedor Y,Ana,Centro-Oeste,0.0
2023-12-20,Compra,Compensado,14,378.8694342413284,Cliente B,,Sul,68.8757141326667
2022-09-10,Venda,MDF,89,476.16619448242534,Fornecedor Y,João,Sul,23.612214586144113
2022-06-13,Compra,Pinus,71,357.6893475096691,Cliente A,,Sul,0.0
2021-07-26,Compra,Compensado,58,294.14561152794033,Fornecedor Z,,Sul,0.0
2022-08-23,Compra,Eucalipto,65,242.88374613671408,Cliente C,,Sudeste,0.0
2022-12-16,Compra,Eucalipto,98,437.8941087819225,Fornecedor X,,Sul,0.0
2021-08-10,Compra,Compensado,59,256.65794491863113,Fornecedor X,,Centro-Oeste,0.0
2020-02-01,Venda,Cedro,20,295.18149158803203,Fornecedor Y,Maria,Nordeste,0.0
2021-01-10,Compra,Cedro,79,445.81183472818816,Fornecedor Y,,Sudeste,50.61154097628893
2020-02-27,Compra,Eucalipto,63,298.6311266522263,Fornecedor Z,,Centro-Oeste,0.0
2023-01-25,Compra,Compensado,99,97.46316498048375,Fornecedor Y,,Centro-Oeste,0.0
2023-04-16,Venda,MDF,69,484.0144942553652,Fornecedor Y,Maria,Nordeste,81.35689771304554
2020-06-12,Venda,Cedro,72,409.06137182715236,Fornecedor Z,Ana,Sudeste,72.63092063519221
2023-07-15,Compra,MDF,3,453.7338534340785,Fornecedor X,,Nordeste,0.0
2020-08-07,Venda,Cedro,32,344.43164854623285,Fornecedor X,João,Nordeste,0.0
2020-12-31,Compra,MDF,32,102.93979467169635,Fornecedor X,,Sudeste,0.0
2023-02-26,Venda,Cedro,21,376.33349661232586,Cliente B,Ana,Nordeste,0.0
2020-09-03,Compra,MDF,69,301.89005763727215,Cliente A,,Nordeste,0.0
2022-07-18,Compra,Cedro,99,134.335374843912,Cliente C,,Sul,0.0
2023-12-28,Compra,MDF,60,191.4575509326868,Fornecedor X,,Sudeste,0.0
2021-04-01,Venda,Eucalipto,86,422.71216359674827,Fornecedor Y,Maria,Sudeste,20.16488875700562
2023-05-26,Compra,Pinus,85,239.05342753147625,Cliente B,,Sul,0.0
2020-12-03,Compra,MDF,57,245.9774544791717,Fornecedor Z,,Sul,0.0
2022-05-11,Venda,MDF,35,64.00201996281096,Cliente C,Ana,Sudeste,0.0
2022-07-24,Compra,Compensado,47,128.69664672918174,Cliente A,,Nordeste,85.3337012718646
2022-05-04,Compra,MDF,4,439.87393141310395,Fornecedor Z,,Centro-Oeste,12.987041910618359
2022-08-06,Compra,Compensado,14,456.6235299560578,Cliente A,,Centro-Oeste,0.0
2022-04-24,Venda,Eucalipto,97,443.4020258622582,Fornecedor X,Carlos,Centro-Oeste,50.23499894257829
2021-07-03,Compra,Compensado,72,107.98192040011467,Fornecedor X,,Sudeste,0.0
2021-08-18,Venda,Pinus,40,382.95685434511864,Cliente B,Maria,Centro-Oeste,73.69194936975569
2022-08-04,Venda,Eucalipto,19,412.2080495786474,Fornecedor Y,João,Centro-Oeste,0.0
2023-01-01,Venda,Compensado,19,442.7392278047576,Fornecedor Z,Ana,Sudeste,16.150684197903438
2021-04-09,Compra,Pinus,64,305.2268509637235,Fornecedor Y,,Sul,0.0
2022-03-31,Venda,Pinus,59,378.61076619056564,Cliente A,Ana,Centro-Oeste,0.0
2021-05-28,Venda,Cedro,86,451.5361241628435,Cliente C,Maria,Sul,48.62643340567212
2022-02-17,Compra,Eucalipto,85,284.65056006961527,Cliente C,,Nordeste,0.0
2022-10-09,Venda,Pinus,61,64.69055489555087,Fornecedor X,João,Sudeste,0.0
2022-12-24,Compra,Cedro,87,243.6923346444456,Fornecedor Y,,Sudeste,0.0
2021-07-12,Venda,Pinus,19,451.6354804796807,Cliente C,Maria,Nordeste,0.0
2021-05-19,Venda,MDF,4,354.3918630522765,Fornecedor Y,Ana,Nordeste,0.0
2021-08-01,Compra,Compensado,66,172.20594413796795,Fornecedor X,,Centro-Oeste,0.0
2023-01-15,Compra,Pinus,82,212.83389194231242,Fornecedor Y,,Sudeste,22.60216877979859
2023-11-04,Compra,Pinus,57,199.10615319637284,Cliente A,,Centro-Oeste,64.97020639681915
2022-01-18,Compra,Pinus,13,291.65336975811124,Cliente A,,Sudeste,84.99853643257113
2021-02-07,Compra,Pinus,90,258.2833797571328,Cliente C,,Sul,45.711716237768485
2021-01-16,Venda,Pinus,88,89.19174505809717,Cliente A,João,Nordeste,0.0
2020-07-01,Venda,Cedro,64,366.0164447142489,Fornecedor X,Carlos,Sul,0.0
2020-01-01,Compra,Compensado,19,234.95948386949559,Cliente C,,Sul,70.71470676245946
2023-08-17,Compra,Compensado,69,50.70429733616281,Fornecedor X,,Sudeste,33.18464983003497
2021-12-27,Venda,Compensado,82,165.5124027395206,Fornecedor Y,Maria,Sul,0.0
2021-08-16,Venda,MDF,28,297.31264552496464,Cliente A,João,Nordeste,41.92941626523858
2022-08-16,Venda,Pinus,74,212.86399587703923,Fornecedor X,João,Sudeste,0.0
2021-07-16,Compra,Pinus,39,443.1643670598553,Fornecedor Y,,Sudeste,91.22079765572576
2021-01-21,Compra,Eucalipto,81,362.69706815418164,Fornecedor Y,,Centro-Oeste,0.0
2023-08-27,Venda,Eucalipto,85,413.61018345794884,Cliente A,Carlos,Nordeste,0.0
2020-10-03,Compra,MDF,18,231.75403887655568,Cliente C,,Centro-Oeste,0.0
2022-11-19,Compra,Compensado,98,222.9078290618216,Fornecedor X,,Nordeste,0.0
2022-11-30,Venda,MDF,48,55.539366357234016,Fornecedor X,João,Sudeste,0.0
2021-11-09,Compra,Compensado,37,340.58322954302554,Cliente C,,Nordeste,0.0
2021-07-12,Compra,MDF,29,282.7577217714494,Cliente B,,Nordeste,44.72870526056043
2020-05-05,Venda,Pinus,38,431.2127703622033,Cliente B,Ana,Nordeste,0.0
2022-04-12,Venda,Compensado,50,268.51536484672897,Fornecedor X,Carlos,Centro-Oeste,18.937198247832363
2023-12-24,Compra,MDF,64,236.36760094770204,Fornecedor X,,Sudeste,0.0
2020-05-04,Venda,Cedro,30,108.52150213001241,Cliente B,João,Sul,0.0
2022-11-24,Venda,Compensado,18,422.01831188366936,Cliente A,João,Sul,0.0
2021-09-29,Compra,Pinus,96,203.17419691452756,Fornecedor Y,,Sul,59.834033682221005
2021-11-04,Venda,Cedro,87,248.1986076405908,Cliente B,Maria,Nordeste,0.0
2022-01-31,Venda,Cedro,46,354.8242946834226,Cliente C,Ana,Centro-Oeste,0.0
2023-11-09,Compra,Cedro,99,117.7346712485361,Cliente B,,Centro-Oeste,80.41494965140785
2023-01-27,Compra,Eucalipto,86,306.2198125320272,Cliente B,,Centro-Oeste,45.56239689378867
2023-07-31,Venda,Pinus,36,458.12426397567526,Fornecedor X,João,Sudeste,0.0
2023-03-09,Compra,Cedro,11,297.1951157314283,Cliente C,,Sul,0.0
2021-07-11,Compra,Compensado,70,116.95818623230204,Fornecedor X,,Sudeste,0.0
2022-03-30,Compra,Eucalipto,75,141.4503909887393,Fornecedor X,,Centro-Oeste,0.0
2021-05-13,Compra,Pinus,51,452.5036505709045,Fornecedor X,,Sudeste,0.0
2022-02-10,Venda,Cedro,35,140.21353198778127,Cliente A,Ana,Nordeste,67.61784804036614
2022-01-06,Compra,MDF,63,447.5591433437273,Fornecedor X,,Sul,0.0
2020-10-13,Venda,Eucalipto,96,468.1658291032532,Fornecedor Z,Carlos,Centro-Oeste,0.0
2020-11-15,Compra,Cedro,80,418.9090122431274,Cliente A,,Nordeste,0.0
2023-08-02,Venda,MDF,19,140.29295783169255,Cliente B,João,Nordeste,11.288374990035399
2022-12-24,Compra,Pinus,37,383.2142593790836,Cliente C,,Sul,0.0
2020-07-06,Compra,Pinus,1,430.6646478549795,Cliente B,,Centro-Oeste,53.88650287004898
2022-07-30,Compra,Compensado,30,61.02430172044356,Fornecedor X,,Centro-Oeste,0.0
2022-06-28,Compra,Cedro,45,363.9903242330433,Cliente C,,Sul,88.20498270512306
2022-12-25,Compra,Pinus,34,407.5319950208369,Fornecedor Z,,Nordeste,73.9099050779536
2020-07-02,Venda,Compensado,34,176.4520245089211,Fornecedor Z,Ana,Sudeste,11.98242291014353
2023-06-08,Venda,Pinus,17,338.2142189791298,Cliente C,João,Sul,47.45092852639831
2023-07-28,Compra,Pinus,55,276.38777785092634,Fornecedor Z,,Sudeste,0.0
2021-10-21,Compra,Eucalipto,14,258.4277225381038,Fornecedor Z,,Nordeste,0.0
2022-04-26,Compra,Compensado,77,462.5562608160508,Cliente B,,Nordeste,0.0
2023-08-06,Compra,Eucalipto,75,172.19617133505906,Cliente A,,Centro-Oeste,27.013557225477854
2023-03-23,Compra,Pinus,87,312.4699330158704,Cliente A,,Sudeste,76.68136505368643
2023-03-26,Compra,MDF,65,108.46846604106558,Cliente A,,Centro-Oeste,0.0
2021-09-03,Compra,MDF,13,240.07303498293766,Fornecedor Z,,Nordeste,0.0
2021-11-21,Venda,Pinus,58,69.03128715020654,Cliente C,João,Nordeste,0.0
2021-09-23,Venda,Eucalipto,47,125.12888993623942,Cliente C,Carlos,Sul,35.05954674253911
2021-06-06,Venda,Compensado,47,474.7920374134443,Cliente A,João,Nordeste,0.0
2023-08-09,Compra,Pinus,48,223.30405395612502,Cliente A,,Centro-Oeste,0.0
2020-08-14,Compra,Pinus,71,395.40543283306323,Cliente B,,Sul,0.0
2020-01-31,Compra,Pinus,73,441.39342950676985,Fornecedor Z,,Nordeste,0.0
2023-01-28,Venda,Cedro,34,227.63045923017265,Fornecedor Y,Maria,Centro-Oeste,0.0
2022-07-28,Venda,Compensado,54,139.6468737023239,Fornecedor Y,João,Nordeste,70.01799944958296
2020-02-18,Compra,Eucalipto,53,170.41670452758717,Cliente C,,Sudeste,44.11846438047426
2022-05-17,Compra,Eucalipto,35,271.789063001351,Fornecedor Z,,Sul,0.0
2022-06-02,Compra,Cedro,43,444.9411588428516,Cliente B,,Nordeste,0.0
2020-04-28,Compra,Pinus,92,489.2062204756461,Fornecedor X,,Sudeste,79.31423905813864
2022-01-14,Compra,Cedro,6,245.97843146248582,Cliente C,,Sul,0.0
2021-06-02,Compra,Pinus,12,50.60913157196067,Fornecedor X,,Sul,0.0
2023-06-05,Venda,MDF,73,296.1334631171246,Cliente A,Carlos,Sul,28.638542635891408
2022-12-18,Compra,MDF,29,152.7059135721646,Cliente B,,Sudeste,0.0
2023-01-07,Compra,Compensado,90,311.99394189570404,Cliente A,,Centro-Oeste,0.0
2021-08-30,Compra,Eucalipto,75,483.2457576139427,Fornecedor Y,,Sudeste,0.0
2023-01-18,Compra,Eucalipto,57,330.0861387046985,Cliente B,,Centro-Oeste,0.0
2020-09-23,Venda,Cedro,72,336.17961822367783,Fornecedor Y,Carlos,Centro-Oeste,0.0
2021-07-17,Compra,Compensado,57,450.5635118282066,Cliente A,,Sudeste,23.257273985107332
2020-01-05,Compra,Compensado,75,70.05372055190563,Cliente A,,Sudeste,0.0
2020-01-15,Compra,Cedro,21,483.0395913445029,Fornecedor Z,,Sudeste,0.0
2021-03-21,Compra,Eucalipto,46,244.76720099426117,Fornecedor Z,,Centro-Oeste,50.09874748677018
2023-12-22,Venda,MDF,33,111.64957837415213,Fornecedor X,João,Sudeste,0.0
2020-09-28,Compra,MDF,48,233.00333149936242,Fornecedor X,,Sudeste,0.0
2023-09-17,Venda,Cedro,89,463.72433205770267,Fornecedor Z,Maria,Sudeste,0.0
2023-07-07,Compra,MDF,29,458.5544572008287,Cliente B,,Sul,0.0
2020-09-01,Compra,Eucalipto,34,390.7895932104975,Cliente C,,Sudeste,0.0
2023-10-07,Compra,Pinus,43,349.97021557097867,Fornecedor X,,Nordeste,0.0
2020-04-02,Compra,Compensado,9,425.93352387895663,Fornecedor Y,,Sul,0.0
2023-03-25,Compra,MDF,85,149.93414181199427,Fornecedor Y,,Nordeste,0.0
2021-03-31,Compra,MDF,22,242.91590944389512,Cliente A,,Sul,0.0
2023-04-11,Compra,Compensado,9,119.2131610887235,Fornecedor X,,Sudeste,0.0
2021-08-23,Venda,Pinus,67,226.60618380326602,Cliente C,Maria,Centro-Oeste,49.99288143173629
2021-12-18,Venda,Eucalipto,45,162.95062246803514,Fornecedor Y,João,Centro-Oeste,0.0
2022-08-18,Compra,Pinus,58,444.810025492367,Fornecedor Y,,Nordeste,85.58345459309778
2022-11-30,Venda,Cedro,65,128.8497974476223,Cliente B,Ana,Sul,48.82425838966672
2023-07-03,Venda,MDF,21,282.5142733518205,Cliente B,Carlos,Centro-Oeste,48.709258887682005
2020-11-22,Compra,Cedro,21,393.39876362058874,Cliente B,,Nordeste,0.0
2021-09-19,Venda,Cedro,8,133.76115398900657,Fornecedor X,Ana,Centro-Oeste,67.24382219019714
2021-04-19,Compra,Eucalipto,15,445.77345682765684,Cliente A,,Centro-Oeste,84.40720912236223
2020-07-07,Compra,Eucalipto,93,397.005267133349,Cliente B,,Nordeste,88.82947751653514
2021-04-15,Venda,Compensado,23,468.9544868983849,Fornecedor Z,João,Sudeste,0.0
2021-11-30,Compra,Cedro,57,487.88517333754976,Fornecedor Z,,Sul,0.0
2021-01-18,Venda,Compensado,92,189.53804225423977,Fornecedor X,Carlos,Nordeste,0.0
2023-09-28,Compra,Eucalipto,30,196.382810310364,Cliente A,,Nordeste,0.0
2020-07-24,Venda,MDF,47,413.01208386263266,Fornecedor Z,João,Sudeste,0.0
2022-01-22,Compra,MDF,31,389.2233652561484,Fornecedor X,,Sudeste,0.0
2021-06-04,Venda,MDF,96,69.09003419310126,Cliente A,João,Nordeste,0.0
2023-02-08,Venda,MDF,21,302.041263849528,Cliente A,João,Centro-Oeste,0.0
2023-01-09,Venda,Eucalipto,15,371.4469860807489,Fornecedor X,Maria,Sul,21.261273142757226
2021-05-23,Compra,Pinus,81,63.8860569386326,Cliente A,,Sul,29.205401317812058
2023-09-25,Compra,Cedro,3,103.4934760296824,Cliente A,,Nordeste,0.0
2020-04-18,Venda,Pinus,81,221.23296944145252,Fornecedor Y,Ana,Nordeste,0.0
2021-01-03,Venda,MDF,35,55.138092554333134,Cliente B,João,Sudeste,0.0
2022-01-28,Compra,MDF,29,417.70766390701334,Cliente A,,Sul,0.0
2020-12-04,Venda,Pinus,69,373.30427629514753,Fornecedor Z,Ana,Sul,0.0
2021-10-20,Compra,MDF,43,439.38309150901057,Fornecedor Y,,Centro-Oeste,0.0
2023-03-20,Compra,MDF,57,408.50662873611753,Fornecedor Z,,Nordeste,0.0
2022-10-11,Venda,MDF,82,161.3795329131854,Fornecedor Y,João,Sul,45.16138998873453
2023-07-30,Compra,Pinus,6,200.32248455094614,Cliente A,,Nordeste,0.0
2020-04-27,Compra,MDF,33,178.5912460667177,Cliente A,,Centro-Oeste,0.0
2021-07-12,Venda,Compensado,33,338.7804787843512,Fornecedor Z,Carlos,Centro-Oeste,80.28963042534923
2020-05-07,Compra,Cedro,20,175.03374924037053,Cliente B,,Centro-Oeste,0.0
2021-07-22,Compra,Eucalipto,62,283.4154474712677,Cliente A,,Sudeste,0.0
2023-09-10,Compra,Pinus,69,135.4168863374702,Fornecedor Y,,Sul,56.77338366050358
2022-10-15,Venda,Eucalipto,98,267.3678639015005,Cliente B,Ana,Nordeste,0.0
2020-01-22,Compra,MDF,55,84.64076017923483,Cliente C,,Centro-Oeste,0.0
2021-07-06,Compra,Compensado,19,330.6419502306197,Cliente B,,Sudeste,0.0
2022-07-06,Venda,MDF,10,252.8089137225109,Fornecedor Z,João,Centro-Oeste,63.79014544324328
2021-02-16,Compra,Pinus,83,97.65761198169093,Cliente B,,Sul,0.0
2021-10-23,Venda,Cedro,22,331.342146288699,Fornecedor Z,João,Sul,0.0
2022-05-30,Venda,Compensado,7,163.89569263082393,Fornecedor Y,Carlos,Sul,75.3153319327693
2020-02-15,Compra,Pinus,74,53.743974002236406,Fornecedor Z,,Sudeste,77.35459147086083
2023-02-24,Venda,Compensado,15,417.76354011506953,Fornecedor X,João,Centro-Oeste,63.050859053622744
2020-02-12,Venda,Pinus,42,365.3904361376444,Cliente C,Ana,Centro-Oeste,88.97230419890337
2023-12-30,Venda,Pinus,69,84.71532584281184,Cliente B,Ana,Centro-Oeste,0.0
2022-08-20,Compra,Eucalipto,33,352.7922508691359,Cliente B,,Sudeste,0.0
2023-09-23,Compra,MDF,36,469.7197286597426,Cliente C,,Nordeste,65.5105247067287
2022-04-12,Venda,MDF,8,80.80642370011012,Cliente B,João,Sul,81.97468875683751
2020-10-21,Venda,Compensado,28,461.86573321302035,Cliente C,João,Sudeste,0.0
2022-05-02,Compra,Cedro,58,161.7726239344434,Fornecedor Y,,Sudeste,0.0
2021-02-23,Compra,Compensado,37,402.79431141020996,Cliente B,,Sudeste,0.0
2021-05-26,Venda,Eucalipto,57,140.49442734920035,Fornecedor Z,Ana,Centro-Oeste,54.19861564448486
2022-09-14,Venda,Pinus,55,370.8320035364626,Fornecedor Z,Maria,Sul,24.354303628722246
2022-10-04,Venda,Cedro,74,474.1390883840525,Cliente B,Carlos,Centro-Oeste,0.0
2022-03-13,Compra,Cedro,1,189.41309389511105,Fornecedor Y,,Centro-Oeste,0.0
2020-10-03,Venda,Eucalipto,52,442.68611114607586,Cliente C,Carlos,Sudeste,0.0
2023-11-13,Compra,Eucalipto,49,277.5353690398815,Cliente A,,Sul,45.345766894427456
2022-10-07,Venda,MDF,39,137.2383805716017,Fornecedor Z,João,Sudeste,0.0
2020-03-16,Venda,MDF,30,247.6447705623728,Fornecedor Z,João,Sul,0.0
2021-10-14,Compra,Compensado,23,243.3238664595635,Cliente C,,Sudeste,0.0
2021-09-11,Compra,Pinus,30,58.60803489677915,Fornecedor X,,Nordeste,0.0
2022-08-31,Compra,Eucalipto,36,103.28676762916935,Cliente B,,Nordeste,0.0
2020-09-03,Venda,MDF,15,387.2257037605216,Fornecedor X,João,Sul,0.0
2022-08-15,Venda,MDF,67,363.39341316624825,Cliente B,João,Sul,0.0
2020-05-20,Compra,Pinus,34,59.963663962683256,Cliente C,,Nordeste,0.0
2022-04-11,Venda,Cedro,39,114.27888416644934,Cliente B,João,Centro-Oeste,78.83208752133496
2022-10-27,Compra,Pinus,53,399.42018619295817,Fornecedor Z,,Sul,0.0
2020-09-07,Venda,MDF,79,448.52889390879795,Fornecedor X,Ana,Sudeste,10.898089899260444
2021-10-29,Venda,Pinus,93,419.6247633053124,Cliente A,Carlos,Nordeste,0.0
2023-05-07,Compra,Cedro,83,419.26944095446396,Cliente A,,Sul,0.0
2020-05-18,Venda,Pinus,18,455.7983128458029,Cliente B,Ana,Nordeste,0.0
2021-12-16,Venda,Pinus,36,431.5675476935068,Fornecedor Y,João,Sul,43.79220356198503
2021-07-10,Compra,Compensado,64,474.14567285460737,Cliente B,,Sul,0.0
2020-01-03,Compra,MDF,55,216.30838974204792,Fornecedor X,,Nordeste,0.0
2023-02-19,Venda,MDF,96,53.7636568445857,Fornecedor X,Maria,Sudeste,0.0
2022-06-23,Compra,Compensado,98,397.76430798065184,Cliente A,,Nordeste,0.0
2020-09-06,Compra,Cedro,45,207.59134599082861,Cliente B,,Nordeste,70.40417260417198
2020-02-13,Venda,MDF,71,348.1177761237237,Fornecedor Y,Maria,Sul,33.2407917699544
2022-09-17,Venda,Cedro,64,398.4362073250678,Cliente B,João,Sul,0.0
2022-07-26,Compra,Eucalipto,61,372.37870038114454,Fornecedor Z,,Nordeste,38.244412740197404
2022-11-29,Venda,MDF,2,241.18287929063914,Fornecedor Y,Maria,Nordeste,0.0
2023-09-21,Venda,Eucalipto,2,110.14276163473309,Fornecedor X,Maria,Centro-Oeste,0.0
2022-01-05,Venda,Pinus,67,472.5808157526312,Fornecedor Z,João,Sul,0.0
2020-06-04,Venda,Eucalipto,13,344.6190839103346,Fornecedor Z,Maria,Centro-Oeste,0.0
2023-05-15,Compra,Compensado,84,215.7562462074581,Fornecedor Y,,Nordeste,33.361880434754426
2022-12-29,Venda,Cedro,96,159.5285074483387,Cliente C,Ana,Nordeste,0.0
2022-06-20,Venda,MDF,29,246.38881942831685,Cliente C,Maria,Sudeste,0.0
2020-11-26,Venda,Cedro,38,92.71307156975138,Fornecedor Y,Ana,Centro-Oeste,0.0
2023-01-19,Compra,Cedro,74,52.57336161235518,Fornecedor X,,Centro-Oeste,0.0
2023-11-24,Venda,Cedro,35,60.091650122924804,Fornecedor X,João,Centro-Oeste,0.0
2021-05-22,Compra,Cedro,35,57.08431084805464,Fornecedor Z,,Nordeste,0.0
2022-09-18,Compra,MDF,58,303.52790782068803,Cliente C,,Sul,0.0
2020-12-04,Venda,Compensado,61,337.245007906322,Fornecedor X,Carlos,Sudeste,0.0
2022-07-27,Venda,Compensado,48,318.58334459949174,Fornecedor X,Maria,Sudeste,0.0
2023-04-29,Venda,Cedro,51,249.37671304868948,Cliente B,Ana,Sudeste,0.0
2022-11-03,Venda,MDF,61,353.65383597533474,Fornecedor Z,Maria,Nordeste,0.0
2020-10-03,Compra,Cedro,87,360.89778944787025,Cliente A,,Sul,59.92189388020777
2022-04-12,Compra,Compensado,65,130.71020463015844,Fornecedor Y,,Sudeste,0.0
2022-07-31,Venda,Cedro,46,126.37779285961543,Fornecedor Y,Maria,Nordeste,25.429075903948846
2020-07-25,Compra,Compensado,94,459.5958656904905,Fornecedor Y,,Nordeste,0.0
2020-01-13,Venda,Eucalipto,37,425.2063779134723,Cliente B,Ana,Sudeste,0.0
2022-05-25,Compra,MDF,22,366.18809263620295,Cliente C,,Nordeste,92.41050090354848
2020-12-05,Compra,MDF,7,275.7090649630768,Fornecedor X,,Centro-Oeste,0.0
2020-06-03,Venda,Pinus,35,140.24884003036993,Cliente C,Maria,Sul,0.0
2021-09-22,Venda,Cedro,94,107.57161603030244,Fornecedor Y,Carlos,Sul,0.0
2022-08-02,Venda,Eucalipto,94,187.7231585852546,Fornecedor Z,Carlos,Sudeste,28.971379139502574
2022-02-01,Compra,Eucalipto,88,95.44014806799248,Fornecedor Y,,Centro-Oeste,97.57691181210684
2021-08-06,Compra,Compensado,56,120.00714659118604,Fornecedor X,,Sudeste,0.0
2023-01-21,Compra,Compensado,10,165.4083774575447,Cliente A,,Nordeste,0.0
2020-02-05,Venda,Eucalipto,86,454.2071287789558,Cliente B,Ana,Sudeste,0.0
2023-10-31,Venda,Eucalipto,31,186.0887800753414,Fornecedor Y,Maria,Nordeste,53.06465046303657
2023-07-13,Compra,MDF,44,173.13818803734722,Fornecedor Z,,Centro-Oeste,51.36256514922607
2022-09-17,Compra,Pinus,55,75.64042714881572,Cliente B,,Sul,41.23561316494555
2021-06-13,Venda,Compensado,40,348.89077088230357,Cliente B,Carlos,Centro-Oeste,0.0
2021-11-09,Venda,Pinus,32,450.2836899696934,Fornecedor Y,Maria,Centro-Oeste,0.0
2022-04-24,Compra,Pinus,63,301.81048450940386,Fornecedor Z,,Centro-Oeste,0.0
2022-01-30,Venda,Eucalipto,16,197.70489755525273,Fornecedor Y,Carlos,Sul,0.0
2021-05-02,Venda,Cedro,81,418.0353375447633,Fornecedor Z,Carlos,Sul,0.0
2020-09-26,Venda,Compensado,39,469.5452412029949,Cliente C,Ana,Centro-Oeste,61.37896751555286
2020-08-07,Venda,MDF,28,270.8442530205622,Fornecedor Z,Maria,Nordeste,93.44114036780044
2021-12-12,Venda,Pinus,6,218.54670952081156,Fornecedor X,Maria,Centro-Oeste,0.0
2023-01-04,Venda,MDF,31,307.95043750231616,Cliente C,Maria,Nordeste,0.0
2020-10-13,Compra,Cedro,84,162.3510287331036,Fornecedor Z,,Nordeste,88.36021307129658
2020-10-02,Compra,Cedro,81,118.42185534102131,Cliente A,,Sul,0.0
2023-07-20,Compra,Eucalipto,72,464.3328426541859,Cliente C,,Centro-Oeste,28.67868425851331
2023-02-08,Venda,Cedro,39,52.89584517355807,Fornecedor Y,João,Sul,53.85388186900457
2021-12-22,Venda,Pinus,30,499.8009664626974,Cliente B,João,Sudeste,0.0
2022-02-19,Venda,Cedro,94,142.00176760892288,Cliente A,Ana,Centro-Oeste,0.0
2023-05-09,Compra,Eucalipto,95,105.53036684251839,Fornecedor Y,,Sudeste,0.0
2020-11-03,Venda,Pinus,44,61.23724795267232,Cliente B,Ana,Sul,0.0
2020-05-19,Venda,Cedro,78,461.7346392850859,Fornecedor X,Maria,Nordeste,0.0
2023-06-09,Compra,MDF,11,305.80920432857295,Cliente A,,Sul,70.96538168999855
2021-02-27,Venda,Eucalipto,37,387.2417026913639,Fornecedor X,Maria,Nordeste,0.0
2020-08-14,Venda,MDF,88,63.546742495093525,Fornecedor X,Maria,Centro-Oeste,67.33852307419983
2020-09-29,Compra,MDF,56,192.8973651159148,Cliente B,,Sudeste,0.0
2023-10-26,Compra,Compensado,86,174.8591058762293,Fornecedor X,,Nordeste,0.0
2020-11-03,Compra,Pinus,60,495.5489807390896,Cliente B,,Nordeste,0.0
2022-03-06,Venda,Eucalipto,82,496.2632330176033,Cliente A,Carlos,Nordeste,43.52580383981193
2022-06-18,Compra,Compensado,27,91.56223765012032,Fornecedor Y,,Centro-Oeste,97.12687433056601
2021-06-20,Venda,Eucalipto,67,160.99637711243292,Fornecedor Z,Maria,Sudeste,0.0
2022-07-04,Compra,Eucalipto,83,456.96189874723575,Cliente C,,Centro-Oeste,0.0
2021-04-08,Venda,MDF,76,439.23317230184085,Fornecedor Y,Maria,Centro-Oeste,0.0
2020-12-16,Compra,Compensado,12,459.12886882411357,Cliente A,,Sudeste,26.616921161263228
2023-11-02,Venda,Pinus,84,423.9271269747808,Fornecedor Z,João,Sudeste,0.0
2022-06-02,Compra,Cedro,15,477.4548507107342,Fornecedor Z,,Nordeste,0.0
2022-11-14,Venda,Pinus,5,209.80924148921565,Fornecedor X,Ana,Nordeste,0.0
2020-03-31,Compra,Cedro,92,442.85872731337224,Fornecedor X,,Nordeste,0.0
2020-12-10,Compra,Pinus,72,421.9479833861589,Cliente C,,Nordeste,61.917164301943025
2020-11-06,Venda,MDF,93,151.82386286746993,Fornecedor X,Ana,Sudeste,0.0
2022-03-29,Compra,MDF,92,150.3779276942406,Cliente B,,Sul,0.0
2022-08-17,Venda,Cedro,54,240.59656219635335,Fornecedor Z,João,Centro-Oeste,0.0
2021-11-04,Venda,Compensado,89,361.4050651759946,Fornecedor Z,Ana,Sul,0.0
2022-01-30,Venda,Eucalipto,54,453.9846049293764,Cliente A,Maria,Sudeste,0.0
2023-05-16,Compra,Pinus,17,300.78975889143885,Cliente C,,Sul,0.0
2021-05-10,Compra,Cedro,6,304.5596774634526,Fornecedor Z,,Centro-Oeste,61.88251938019785
2020-09-25,Venda,Cedro,35,57.540337021572086,Cliente C,Maria,Sudeste,0.0
2023-05-25,Compra,Eucalipto,47,264.0182863199037,Fornecedor Y,,Sudeste,69.07686431505911
2020-05-25,Compra,Pinus,14,430.18804737033474,Fornecedor Y,,Centro-Oeste,0.0
2021-07-28,Venda,Compensado,35,84.5613717414897,Fornecedor X,Ana,Nordeste,0.0
2020-05-01,Compra,Compensado,24,325.32395904644966,Cliente A,,Centro-Oeste,19.528688639181638
2022-03-10,Compra,Cedro,70,354.1203162968331,Fornecedor Z,,Sul,45.5733383888042
2022-03-18,Venda,Compensado,16,68.86184752231588,Cliente C,Maria,Nordeste,0.0
2023-05-02,Venda,MDF,8,276.09227922486934,Fornecedor X,Carlos,Sul,0.0
2022-08-19,Compra,Compensado,57,178.56481732014404,Fornecedor Z,,Sudeste,0.0
2022-05-31,Venda,Cedro,93,229.20250728110526,Cliente B,Carlos,Sudeste,84.96367440168052
2021-05-08,Compra,Compensado,93,461.7773296327501,Cliente B,,Sudeste,59.27243408760868
2021-04-01,Venda,Eucalipto,84,146.84201587993675,Fornecedor X,Carlos,Centro-Oeste,0.0
2022-03-21,Venda,Compensado,63,227.81988386253727,Cliente A,Carlos,Sul,0.0
2021-03-29,Venda,Pinus,84,222.01351338985626,Fornecedor X,João,Centro-Oeste,0.0
2023-11-17,Compra,Compensado,87,256.8428688468076,Cliente B,,Sul,0.0
2022-04-20,Venda,Eucalipto,83,449.2036927506643,Cliente C,Carlos,Nordeste,0.0
2020-01-30,Venda,Compensado,98,126.92138108938173,Cliente A,Maria,Sudeste,0.0
2023-08-30,Compra,Pinus,25,347.77340718978047,Fornecedor Y,,Nordeste,31.04315497837577
2021-02-08,Compra,Cedro,7,110.95679155761087,Fornecedor Z,,Nordeste,13.23371639673757
2022-09-04,Compra,MDF,75,239.00183333663222,Fornecedor X,,Sudeste,0.0
2020-07-05,Compra,Pinus,47,161.54301142779065,Cliente B,,Nordeste,0.0
2022-09-25,Compra,Eucalipto,90,173.85763146665374,Fornecedor X,,Centro-Oeste,91.38189622668087
2021-07-28,Compra,Compensado,12,234.72310732724955,Fornecedor X,,Sul,38.57991218825516
2022-09-07,Compra,Cedro,90,92.91241457285159,Fornecedor Y,,Sudeste,0.0
2020-03-16,Venda,Eucalipto,71,73.08223204154702,Fornecedor Y,João,Sul,0.0
2020-08-15,Venda,Compensado,19,147.312737683938,Cliente C,Ana,Sul,0.0
2022-10-08,Venda,Compensado,25,170.678465485211,Fornecedor Y,Maria,Sudeste,25.416546203950332
2022-08-07,Compra,Cedro,19,363.72366146209123,Cliente C,,Centro-Oeste,0.0
2020-08-08,Compra,Compensado,52,190.36035749151736,Cliente A,,Centro-Oeste,68.3294531080711
2023-02-13,Venda,Pinus,20,352.8914589100477,Fornecedor Y,Maria,Sudeste,69.07472734462905
2020-10-04,Compra,Compensado,93,495.39038603420056,Cliente C,,Sudeste,0.0
2020-05-14,Compra,MDF,94,208.31225288465862,Fornecedor X,,Sul,0.0
2021-02-18,Venda,Cedro,32,328.72548621492587,Fornecedor Y,Maria,Sudeste,0.0
2020-05-23,Compra,Cedro,31,360.08944418670336,Cliente A,,Centro-Oeste,0.0
2020-01-04,Venda,Eucalipto,50,164.11285264836613,Cliente A,João,Centro-Oeste,0.0
2020-11-16,Venda,Compensado,53,394.4135137361183,Cliente B,Maria,Nordeste,0.0
2021-06-14,Compra,MDF,40,91.97215105017645,Fornecedor X,,Sul,23.659786886599186
2022-03-05,Venda,Eucalipto,49,357.1396067919747,Fornecedor Y,Maria,Sudeste,0.0
2023-01-24,Venda,Eucalipto,60,474.3778538331372,Cliente A,João,Nordeste,0.0
2021-07-07,Venda,Cedro,80,145.55028842910107,Cliente A,Ana,Sudeste,76.07361331374817
2020-06-10,Compra,Eucalipto,89,467.9867974305045,Cliente A,,Nordeste,66.04590540635499
2021-05-19,Compra,Compensado,39,334.11889672171293,Cliente A,,Centro-Oeste,0.0
2023-12-02,Compra,MDF,2,348.7210136837263,Fornecedor Z,,Sudeste,90.13458887697395
2023-03-25,Compra,Cedro,24,213.23912017961842,Fornecedor Z,,Sudeste,0.0
2021-11-04,Compra,Eucalipto,76,117.8093691503752,Fornecedor Z,,Nordeste,0.0
2022-11-11,Compra,Cedro,56,406.4860376607542,Cliente A,,Sul,0.0
2020-10-20,Venda,Cedro,16,148.0511208320348,Fornecedor Y,João,Nordeste,49.812987979217695
2021-12-10,Compra,Pinus,87,300.46029282596896,Fornecedor Z,,Nordeste,0.0
2023-11-25,Venda,Compensado,98,193.21791862357665,Fornecedor X,Ana,Centro-Oeste,0.0
2020-07-24,Venda,MDF,97,56.13531075761966,Fornecedor X,João,Nordeste,11.16077228105729
2022-03-10,Compra,Cedro,84,304.5852277759801,Cliente A,,Sul,59.39855213883398
2022-04-16,Compra,MDF,89,225.45488583098626,Cliente A,,Nordeste,17.29347494185511
2021-07-19,Compra,MDF,29,89.44242628759397,Fornecedor X,,Nordeste,0.0
2020-07-11,Venda,Eucalipto,53,187.584780851281,Cliente A,Maria,Sul,0.0
2020-01-08,Venda,MDF,33,334.5783154094789,Fornecedor X,João,Centro-Oeste,61.53785678040261
2020-10-02,Venda,Compensado,19,378.61213528830706,Cliente C,Carlos,Sul,0.0
2023-01-14,Compra,Compensado,53,408.4288338756688,Fornecedor X,,Centro-Oeste,59.59458579654391
2022-05-07,Compra,MDF,26,184.13404273617024,Cliente C,,Nordeste,0.0
2021-03-15,Venda,MDF,12,263.3739333223939,Fornecedor Z,Carlos,Sudeste,93.92901304172058
2021-09-01,Venda,MDF,64,229.6250575299588,Fornecedor Y,Maria,Sul,0.0
2023-06-09,Compra,MDF,52,378.5997729907621,Fornecedor X,,Centro-Oeste,0.0
2021-10-13,Venda,MDF,37,59.42035302202997,Cliente A,João,Sul,0.0
2020-04-25,Compra,Compensado,75,468.78911435838194,Fornecedor Z,,Sudeste,0.0
2023-05-23,Venda,Eucalipto,28,310.8790247603864,Cliente A,Maria,Sul,40.537474057861075
2023-04-02,Compra,MDF,30,274.6863257064464,Fornecedor X,,Nordeste,94.69434340345393
2021-11-15,Venda,Pinus,51,50.0839376767984,Fornecedor X,Carlos,Sul,0.0
2020-08-31,Compra,Pinus,7,341.9444237717237,Cliente B,,Sul,52.96745705323183
2021-01-25,Compra,Cedro,50,230.65780059006946,Fornecedor Y,,Sul,45.256820550605035
2022-07-18,Compra,Pinus,4,143.9739209725655,Cliente B,,Nordeste,0.0
2021-04-22,Compra,Pinus,61,309.64172558795684,Cliente C,,Nordeste,0.0
2022-01-25,Venda,MDF,27,316.74692339158315,Cliente A,Maria,Nordeste,22.912251131621804
2021-07-12,Venda,MDF,31,318.0559208726883,Cliente A,Carlos,Nordeste,0.0
2022-11-28,Venda,Compensado,30,86.08404056545098,Fornecedor X,Maria,Nordeste,0.0
2023-01-18,Venda,Cedro,1,195.3948657498518,Cliente B,Carlos,Sudeste,74.98594577834068
2021-08-20,Venda,Cedro,18,311.29035165933533,Cliente C,Maria,Sul,0.0
2023-06-06,Compra,MDF,39,492.1345725152174,Cliente C,,Nordeste,0.0
2023-03-30,Venda,Cedro,15,324.66987289324743,Cliente C,Ana,Sudeste,27.03552813244085
2021-02-25,Venda,Eucalipto,33,425.9176386279107,Cliente B,Carlos,Nordeste,33.80246350004717
2023-01-26,Venda,Eucalipto,44,470.9201725882028,Cliente B,João,Centro-Oeste,0.0
2020-05-23,Venda,Compensado,96,149.21943773663716,Cliente A,João,Sudeste,15.362838761782935
2021-12-27,Venda,Eucalipto,53,285.5306169149037,Cliente B,Carlos,Centro-Oeste,0.0
2022-07-13,Venda,MDF,83,384.0320921766183,Cliente C,Carlos,Centro-Oeste,45.801409683618836
2021-08-11,Venda,MDF,67,222.25284518136826,Cliente B,Ana,Centro-Oeste,0.0
2021-08-19,Venda,Cedro,8,308.23963235469336,Cliente C,Carlos,Nordeste,33.229353624442155
2022-10-13,Venda,Eucalipto,41,456.24370458402893,Cliente A,João,Nordeste,95.13738008610393
2022-08-09,Venda,Pinus,50,126.44918294857577,Cliente A,Ana,Sudeste,0.0
2022-07-25,Compra,Pinus,23,495.27740002294513,Cliente C,,Centro-Oeste,93.52465752059634
2021-10-19,Venda,Compensado,63,351.6954502086129,Fornecedor X,Ana,Centro-Oeste,0.0
2020-05-16,Compra,Compensado,92,200.9172227978581,Fornecedor Z,,Sul,96.10483905004148
2022-06-22,Compra,Cedro,13,126.27684133972639,Fornecedor Y,,Sudeste,0.0
2022-04-29,Compra,Eucalipto,45,263.79044279004563,Fornecedor Y,,Centro-Oeste,0.0
2023-02-08,Venda,MDF,19,496.6315790728871,Cliente C,Maria,Sudeste,0.0
2021-07-10,Compra,Pinus,65,234.3527911816336,Fornecedor Z,,Centro-Oeste,27.529614791850328
2020-03-16,Venda,Compensado,92,379.20295380251025,Cliente A,Carlos,Nordeste,0.0
2020-09-09,Compra,Pinus,37,361.42274886788516,Cliente B,,Centro-Oeste,0.0
2021-08-14,Compra,Cedro,87,305.84851502207545,Fornecedor Z,,Nordeste,0.0
2021-02-22,Compra,Cedro,46,54.985348667439354,Fornecedor Z,,Sul,0.0
2020-03-25,Venda,Pinus,65,209.46973234376088,Fornecedor X,Ana,Centro-Oeste,0.0
2022-07-07,Compra,Cedro,18,309.0170428880369,Cliente A,,Sul,0.0
2022-07-07,Venda,Cedro,44,144.5482368105583,Fornecedor X,Carlos,Nordeste,52.57247530087186
2023-12-26,Compra,MDF,6,198.75245103783087,Cliente C,,Sul,0.0
2021-06-16,Compra,Cedro,77,248.24262194284765,Fornecedor Y,,Sul,0.0
2023-11-25,Compra,Pinus,66,179.68303668178828,Cliente B,,Sul,0.0
2020-09-05,Venda,Cedro,75,313.1725150876059,Fornecedor X,Carlos,Sul,0.0
2020-05-25,Compra,Pinus,88,284.61965966318354,Fornecedor Z,,Sul,12.030806053481252
2021-05-22,Compra,MDF,98,450.7963049578291,Cliente B,,Sul,0.0
2021-12-23,Venda,MDF,73,307.4553336749928,Fornecedor X,João,Sudeste,81.1621991710151
2023-11-26,Compra,Pinus,45,314.59623325872474,Cliente B,,Sudeste,0.0
2020-02-17,Venda,Eucalipto,10,283.13487411815515,Fornecedor Y,Maria,Nordeste,42.433794312685365
2021-04-23,Venda,Compensado,63,438.5659527107659,Cliente C,João,Sudeste,0.0
2020-09-28,Venda,MDF,52,368.1568824226659,Cliente C,Ana,Centro-Oeste,0.0
2021-06-08,Compra,Eucalipto,74,143.77980812824921,Cliente A,,Nordeste,0.0
2020-07-09,Compra,Pinus,94,165.28618149770972,Fornecedor X,,Sul,87.32005818822249
2021-01-10,Venda,Compensado,37,157.57987283376335,Cliente A,Ana,Centro-Oeste,0.0
2021-07-25,Venda,Cedro,23,223.67277992161732,Cliente B,Carlos,Sul,0.0
2020-03-29,Venda,Eucalipto,20,227.09990124784198,Cliente A,João,Sudeste,0.0
2022-05-20,Compra,Eucalipto,70,215.13263315324022,Fornecedor X,,Sudeste,38.19398289225494
2020-11-20,Venda,MDF,60,171.12270694623314,Fornecedor Z,Ana,Nordeste,0.0
2020-11-19,Venda,Pinus,55,394.3372251894764,Fornecedor Z,João,Centro-Oeste,0.0
2021-04-11,Venda,Pinus,16,268.7781443471973,Fornecedor X,Ana,Sudeste,0.0
2021-08-17,Compra,Pinus,63,466.7923408479553,Fornecedor X,,Sudeste,0.0
2021-06-01,Compra,Eucalipto,87,433.9981474514545,Fornecedor Z,,Sul,70.24212858166734
2020-11-26,Compra,MDF,98,78.65814537613252,Fornecedor X,,Sudeste,50.08685689952081
2021-11-18,Venda,MDF,72,442.06323232939366,Fornecedor Z,Carlos,Centro-Oeste,73.45368157182335
2020-07-09,Compra,Compensado,35,442.8694161568415,Fornecedor Z,,Sul,74.5718491550721
2021-04-08,Compra,Compensado,87,125.72536482847077,Fornecedor X,,Sudeste,0.0
2021-11-20,Venda,Compensado,37,280.00113732027523,Cliente A,Carlos,Nordeste,0.0
2020-08-11,Venda,Compensado,47,97.43061982840803,Fornecedor Y,Maria,Centro-Oeste,0.0
2023-09-02,Venda,Pinus,24,112.66108006734927,Cliente B,Maria,Sudeste,0.0
2023-09-20,Venda,MDF,15,438.1234283307134,Fornecedor X,Maria,Centro-Oeste,0.0
2022-09-10,Compra,Cedro,32,497.9633685560665,Fornecedor Y,,Sul,15.05458089129818
2020-03-19,Compra,Pinus,93,284.2447267871863,Fornecedor Z,,Centro-Oeste,0.0
2022-02-03,Venda,MDF,54,263.30281967680025,Cliente C,Maria,Sul,0.0
2023-01-21,Compra,Cedro,61,403.27876447089403,Fornecedor X,,Sul,0.0
2021-09-25,Compra,Pinus,43,256.11287746274087,Cliente B,,Centro-Oeste,0.0
2021-08-19,Venda,Eucalipto,94,318.22255209242763,Cliente A,João,Sul,0.0
2022-03-29,Venda,Cedro,73,238.4128144974579,Cliente A,Maria,Sul,0.0
2023-09-27,Compra,Eucalipto,55,388.78189514699284,Fornecedor X,,Sudeste,0.0
2020-11-22,Venda,Pinus,1,103.61330239822168,Fornecedor Y,João,Sudeste,76.9625722312909
2020-06-09,Compra,Eucalipto,55,66.01560386291438,Fornecedor Z,,Sudeste,14.844747241761317
2022-05-23,Compra,Pinus,13,86.52390100867153,Fornecedor Z,,Sul,0.0
2020-06-19,Venda,Cedro,42,444.853456971426,Cliente B,Carlos,Sudeste,80.02416758348792
2022-04-05,Compra,MDF,71,267.45443414394583,Cliente B,,Centro-Oeste,0.0
2021-04-14,Compra,Pinus,68,496.4610377653622,Fornecedor Y,,Sudeste,73.57347971289965
2021-06-04,Venda,Compensado,42,155.6394897762371,Fornecedor X,Maria,Nordeste,0.0
2023-12-05,Compra,Pinus,54,158.52434643849287,Fornecedor X,,Sudeste,0.0
2022-08-08,Compra,MDF,62,219.59009615623484,Fornecedor Z,,Centro-Oeste,0.0
2023-12-07,Venda,Pinus,42,98.06031680106364,Fornecedor Z,Ana,Sudeste,36.82595810530037
2021-02-01,Venda,Pinus,79,402.42264391566374,Fornecedor Z,Carlos,Nordeste,39.36539364120518
2023-02-11,Venda,Pinus,52,439.0935595712356,Fornecedor Z,João,Sul,0.0
2020-08-06,Venda,Cedro,16,125.96450260305387,Cliente C,Maria,Nordeste,20.400253901256857
2021-08-08,Compra,MDF,17,418.8311912964402,Fornecedor Y,,Sul,36.007167242895264
2022-03-24,Venda,Compensado,78,295.049896094604,Fornecedor X,Maria,Sudeste,50.248092899479424
2021-10-13,Compra,Pinus,84,348.5131403066066,Cliente C,,Sudeste,43.96268591169857
2020-02-14,Venda,Eucalipto,77,480.04226026992023,Fornecedor Y,Carlos,Sudeste,0.0
2021-07-01,Venda,MDF,57,367.6803064610032,Cliente B,Carlos,Sudeste,98.31318196521491
2023-09-19,Venda,Eucalipto,35,332.4509947214639,Cliente C,Maria,Sul,0.0
2021-08-05,Venda,Eucalipto,32,363.4526309648208,Fornecedor X,Carlos,Sul,0.0
2020-09-26,Compra,Eucalipto,71,421.1631265909238,Fornecedor Z,,Nordeste,0.0
2022-08-13,Venda,Pinus,74,485.48427117517207,Cliente B,Carlos,Nordeste,0.0
2021-12-20,Venda,MDF,28,141.8394475200921,Fornecedor Z,Carlos,Sudeste,0.0
2021-09-30,Compra,Eucalipto,71,235.8983289772149,Cliente A,,Centro-Oeste,0.0
2021-03-22,Compra,Pinus,75,75.08338411434877,Cliente C,,Nordeste,44.8126517846692
2021-03-04,Compra,Pinus,17,154.2195611437545,Cliente A,,Sudeste,0.0
2023-09-03,Compra,Pinus,68,466.72680191821945,Cliente C,,Sudeste,0.0
2020-06-16,Compra,MDF,85,296.00476920379026,Cliente C,,Nordeste,88.89524443143024
2021-05-10,Compra,Cedro,45,197.52718948251533,Cliente A,,Sudeste,0.0
2022-01-04,Compra,Eucalipto,20,312.4075205537912,Fornecedor X,,Nordeste,33.13564229702879
2022-09-14,Venda,MDF,90,463.64361397417633,Cliente A,Maria,Sudeste,66.18166632977663
2023-02-28,Compra,Pinus,42,299.1013396980611,Fornecedor Y,,Sul,0.0
2022-04-10,Venda,MDF,49,431.8122984828191,Fornecedor X,Ana,Nordeste,0.0
2022-12-05,Compra,Compensado,16,68.48067775568244,Fornecedor Z,,Sudeste,0.0
2023-07-13,Compra,Eucalipto,72,387.0334178871793,Fornecedor Y,,Sudeste,0.0
2023-09-21,Venda,Pinus,78,295.56318596586163,Cliente B,Maria,Centro-Oeste,0.0
2023-02-18,Venda,Compensado,63,97.75651347094797,Fornecedor Y,João,Sudeste,0.0
2021-02-01,Compra,Pinus,12,482.9459468742624,Cliente A,,Sul,0.0
2022-06-12,Compra,Compensado,26,279.9368343702779,Fornecedor Y,,Nordeste,97.95554408592363
2023-01-07,Venda,Pinus,48,297.7972066564539,Fornecedor Y,Ana,Centro-Oeste,0.0
2023-04-21,Compra,Eucalipto,78,308.1034760120195,Cliente B,,Nordeste,0.0
2023-03-03,Venda,Compensado,22,98.66975655801053,Fornecedor Y,Carlos,Sudeste,0.0
2022-12-10,Compra,MDF,6,143.14712056027616,Cliente C,,Centro-Oeste,42.04837766497795
2022-12-28,Venda,MDF,69,367.971858047398,Cliente C,João,Centro-Oeste,35.782636397012524
2023-03-23,Venda,Cedro,11,366.9508921807312,Cliente B,Ana,Sul,0.0
2022-11-03,Compra,Compensado,38,287.4145879724746,Fornecedor Z,,Sudeste,75.34763663354654
2022-08-20,Compra,MDF,1,303.98746450088646,Fornecedor Y,,Sudeste,44.17636643394839
2020-08-01,Venda,Compensado,82,377.4340119648599,Cliente B,Ana,Sul,0.0
2022-02-12,Compra,Cedro,51,269.24540311486123,Cliente A,,Centro-Oeste,46.710064765655204
2021-09-27,Venda,Compensado,10,415.9164448255932,Fornecedor Y,João,Sudeste,0.0
2022-01-21,Compra,Eucalipto,85,412.30258309228,Fornecedor Y,,Sudeste,90.40642561791884
2022-05-04,Venda,Pinus,1,376.113314417821,Fornecedor Z,Maria,Sul,0.0
2021-07-09,Compra,Eucalipto,6,298.7666940732571,Cliente B,,Sudeste,0.0
2020-09-22,Compra,Cedro,70,326.3838099435551,Fornecedor Z,,Centro-Oeste,0.0
2022-11-07,Compra,Compensado,57,255.56801205026085,Fornecedor Y,,Nordeste,32.98180152060114
2022-10-13,Compra,Eucalipto,32,491.53170145722896,Cliente A,,Centro-Oeste,0.0
2020-02-26,Compra,Cedro,31,70.31811398553137,Cliente A,,Sul,19.050645887509994
2020-08-16,Compra,Compensado,35,437.35952161197275,Cliente C,,Sudeste,0.0
2020-03-28,Compra,Cedro,30,215.05924429082077,Cliente B,,Centro-Oeste,0.0
2020-05-18,Compra,Eucalipto,90,439.28199471892725,Cliente C,,Nordeste,0.0
2022-12-01,Venda,Eucalipto,94,266.90780289961964,Fornecedor X,Maria,Nordeste,0.0
2022-03-02,Compra,Cedro,8,127.36065097719695,Cliente C,,Sudeste,0.0
2022-11-02,Venda,Cedro,3,433.4217871121118,Fornecedor X,Maria,Sudeste,0.0
2022-06-16,Venda,Compensado,28,289.7721668306274,Cliente C,Maria,Nordeste,71.48028571507419
2020-10-08,Compra,Compensado,16,65.84682808648557,Fornecedor Z,,Nordeste,0.0
2022-02-21,Venda,Cedro,5,136.3799475480766,Fornecedor Y,João,Sul,37.87225399946702
2023-10-17,Compra,Compensado,32,184.10308573718993,Fornecedor Y,,Sul,0.0
2022-06-18,Venda,Compensado,26,474.89397725574844,Cliente C,João,Nordeste,49.85464333458917
2021-04-05,Venda,MDF,16,203.83959595916795,Fornecedor Y,Ana,Nordeste,0.0
2022-05-23,Venda,Compensado,12,221.9598089716945,Cliente A,Ana,Sul,0.0
2022-08-07,Compra,Compensado,56,104.33598615350604,Cliente B,,Sudeste,50.074662228823414
2023-10-20,Compra,Eucalipto,78,94.65331824259104,Fornecedor Z,,Nordeste,0.0
2020-03-11,Compra,Pinus,72,465.6491768973437,Fornecedor X,,Sudeste,31.202940542020976
2021-02-02,Venda,Cedro,83,159.01572091314534,Cliente B,Ana,Sudeste,0.0
2022-04-27,Compra,Compensado,25,232.316849155283,Cliente B,,Nordeste,0.0
2021-07-26,Venda,Eucalipto,43,476.4587796789258,Cliente A,Carlos,Sudeste,0.0
2022-02-10,Venda,Pinus,45,159.14492446233683,Fornecedor Y,Maria,Nordeste,36.99364577257596
2022-01-15,Venda,Eucalipto,17,229.99235823210583,Fornecedor X,Ana,Centro-Oeste,0.0
2023-01-18,Venda,Compensado,49,177.0412253948241,Fornecedor Y,Carlos,Centro-Oeste,72.254810272122
2020-09-03,Compra,MDF,43,275.87543230932874,Cliente A,,Nordeste,0.0
2021-11-27,Venda,Cedro,15,249.60350547432623,Fornecedor Z,Ana,Sudeste,0.0
2023-05-22,Venda,Eucalipto,49,100.01789590249032,Cliente C,Ana,Nordeste,0.0
2023-12-09,Compra,Cedro,84,74.57463644606108,Fornecedor Y,,Nordeste,0.0
2023-03-14,Compra,Cedro,77,342.87494970266823,Cliente C,,Sudeste,56.187090253884676
2022-03-30,Venda,Cedro,44,152.36672166209297,Fornecedor Y,João,Nordeste,0.0
2020-11-20,Venda,Eucalipto,96,268.3537050944103,Cliente C,Carlos,Sul,0.0
2023-10-13,Venda,Compensado,51,284.6979427599352,Cliente A,Ana,Sul,26.587125725508916
2020-02-18,Venda,Pinus,69,58.751622665636525,Fornecedor Z,Carlos,Nordeste,0.0
2023-04-09,Venda,MDF,50,54.73095104374407,Fornecedor Z,Ana,Sul,0.0
2023-11-02,Compra,Eucalipto,95,449.3410409166621,Cliente A,,Centro-Oeste,0.0
2020-04-01,Venda,Compensado,20,296.28713485160796,Cliente A,Ana,Sul,62.18466184429525
2022-12-16,Venda,MDF,97,499.45682111704457,Fornecedor X,Maria,Sul,0.0
2021-07-05,Venda,Pinus,55,83.45057399873215,Fornecedor Y,João,Sudeste,0.0
2023-10-23,Venda,MDF,77,206.23647540299538,Cliente A,João,Sul,0.0
2020-07-29,Compra,Eucalipto,42,474.06714776078655,Cliente A,,Sul,58.07257265221275
2021-07-27,Compra,MDF,17,145.9139536912715,Cliente B,,Sul,0.0
2023-01-09,Venda,Compensado,40,126.12285222908909,Fornecedor Z,João,Sul,86.05110134401983
2020-10-11,Venda,Compensado,51,96.69035459113537,Cliente C,Maria,Sudeste,0.0
2022-02-18,Compra,Pinus,30,397.46841242712713,Fornecedor X,,Centro-Oeste,0.0
2023-09-20,Compra,Compensado,9,401.80092166792684,Fornecedor Y,,Sul,0.0
2022-03-05,Venda,Cedro,76,367.47051110290255,Cliente C,João,Sul,0.0
2022-12-06,Venda,MDF,96,341.7338872844607,Fornecedor Y,Maria,Sudeste,0.0
2022-11-16,Compra,Eucalipto,39,442.63397832321306,Cliente B,,Nordeste,0.0
2023-03-31,Venda,Compensado,18,109.1355722848708,Fornecedor X,Carlos,Sul,0.0
2021-05-08,Compra,MDF,35,297.65807547743793,Fornecedor Z,,Nordeste,0.0
2020-06-15,Compra,Pinus,28,194.44867053840403,Fornecedor X,,Sudeste,0.0
2023-07-26,Compra,Compensado,38,97.88529330628006,Cliente A,,Sul,0.0
2023-10-06,Compra,Eucalipto,5,370.0220393874948,Cliente B,,Sudeste,0.0
2021-10-19,Compra,Eucalipto,79,309.445245478013,Cliente B,,Sul,71.31538994791904
2023-06-29,Venda,Eucalipto,70,271.4414046575441,Cliente C,Maria,Centro-Oeste,85.74598067884966
2023-01-06,Compra,Eucalipto,32,147.91457296924003,Fornecedor Z,,Sudeste,0.0
2021-05-23,Compra,Cedro,48,149.0405297212726,Cliente C,,Nordeste,0.0
2023-03-07,Venda,Pinus,52,146.09428452065362,Cliente C,Ana,Sudeste,55.82218716294392
2020-10-03,Compra,Compensado,24,479.599860595581,Fornecedor X,,Nordeste,16.12335826825027
2020-11-05,Venda,Compensado,89,399.9775595305069,Fornecedor Y,Maria,Sudeste,68.00365553685344
2023-12-14,Compra,Pinus,99,336.03439938801796,Cliente B,,Sul,0.0
2020-03-06,Compra,Compensado,43,439.8047916204517,Fornecedor Z,,Centro-Oeste,87.59902809897443
2021-03-17,Compra,Cedro,84,433.30565239724376,Cliente C,,Sul,61.20848748737105
2023-02-17,Compra,Pinus,57,388.30917361411986,Cliente C,,Centro-Oeste,0.0
2021-05-31,Compra,MDF,71,128.37051157792837,Cliente B,,Sudeste,0.0
2021-06-26,Venda,Cedro,71,183.4001994848689,Fornecedor Z,João,Centro-Oeste,0.0
2021-03-16,Compra,Eucalipto,80,258.7934378481714,Cliente A,,Sul,0.0
2023-01-19,Compra,Eucalipto,86,332.78313093844537,Fornecedor Y,,Sul,0.0
2020-02-18,Compra,Pinus,22,413.0481063419453,Cliente C,,Centro-Oeste,0.0
2023-10-29,Venda,Cedro,94,274.6339029199987,Cliente B,Carlos,Sudeste,0.0
2023-08-16,Compra,Pinus,16,96.94088930834698,Fornecedor X,,Sudeste,0.0
2020-12-15,Venda,Pinus,80,98.02031859605943,Fornecedor Y,João,Centro-Oeste,0.0
2023-04-27,Venda,Eucalipto,27,148.9378803660396,Cliente B,Carlos,Sul,44.80268049887158
2022-09-14,Compra,Cedro,15,254.26676138980815,Fornecedor X,,Sul,0.0
2020-06-30,Venda,Eucalipto,51,246.54101803118377,Fornecedor Z,Carlos,Nordeste,93.76050300061584
2020-04-06,Compra,Eucalipto,75,376.39687583114517,Cliente C,,Centro-Oeste,0.0
2022-12-05,Compra,MDF,36,419.82769523880614,Cliente B,,Centro-Oeste,0.0
2021-09-02,Venda,Compensado,1,460.3183562927511,Fornecedor Z,Ana,Centro-Oeste,18.73163964133805
2020-05-05,Compra,Cedro,64,421.26589361426,Cliente A,,Sudeste,0.0
2020-08-17,Venda,Eucalipto,76,229.08215587134072,Cliente C,João,Centro-Oeste,0.0
2021-11-19,Venda,Eucalipto,5,209.87778840661517,Cliente C,João,Sul,0.0
2020-09-11,Compra,Eucalipto,72,204.37327963384277,Fornecedor X,,Nordeste,63.79141019711132
2022-08-05,Venda,Cedro,80,256.68665969588324,Cliente C,Maria,Sudeste,0.0
2023-01-18,Compra,MDF,46,471.9476572774664,Cliente A,,Sul,0.0
2021-04-30,Venda,MDF,63,61.242837026832255,Fornecedor Y,Ana,Sudeste,0.0
2023-06-26,Venda,Pinus,15,357.70469040044355,Cliente B,João,Sudeste,26.940897979214103
2022-06-04,Venda,Pinus,93,57.87419629432487,Fornecedor Y,Ana,Sudeste,99.84868809138611
2023-01-01,Venda,MDF,88,484.95151334981443,Cliente C,Carlos,Sul,0.0
2023-05-28,Compra,Cedro,5,451.9011835951126,Cliente B,,Nordeste,72.4476845688159
2022-04-13,Venda,Pinus,27,483.22966273751257,Cliente B,Maria,Nordeste,0.0
2023-02-22,Venda,Cedro,58,328.22825945617393,Cliente B,Maria,Sudeste,0.0
2022-10-22,Compra,Cedro,20,432.8837407949429,Fornecedor Y,,Sul,48.879043431709675
2020-04-26,Compra,Cedro,94,144.46312058662318,Fornecedor X,,Sudeste,0.0
2023-05-24,Compra,Compensado,45,461.67572749859517,Cliente A,,Nordeste,78.30791486686276
2021-06-23,Compra,MDF,81,164.0207294732005,Cliente A,,Sudeste,0.0
2020-04-24,Compra,MDF,69,232.4622543486883,Cliente B,,Centro-Oeste,36.53355145120902
2022-09-28,Compra,MDF,39,461.88047317067327,Cliente A,,Sudeste,95.25699994780602
2022-10-22,Venda,Compensado,20,253.79751218698027,Fornecedor Y,Ana,Nordeste,0.0
2023-04-26,Compra,MDF,30,91.85783416820374,Cliente A,,Centro-Oeste,48.0649189367402
2023-09-10,Compra,MDF,22,253.5650416429566,Cliente C,,Nordeste,0.0
2023-10-11,Compra,Compensado,36,156.58226176844582,Cliente B,,Sudeste,42.93093687560268
2020-03-06,Venda,Compensado,44,332.9303067769968,Cliente C,Maria,Sudeste,0.0
2023-09-21,Compra,MDF,73,241.15250368588383,Cliente A,,Sul,10.61566733335272
2022-06-28,Venda,Pinus,99,151.82480036471316,Cliente B,Carlos,Centro-Oeste,0.0
2022-01-24,Venda,MDF,82,222.27502764579586,Fornecedor Y,João,Centro-Oeste,17.047150343160176
2023-11-13,Venda,Eucalipto,32,473.3378866555075,Cliente A,João,Sul,66.1702078041089
2020-04-09,Compra,Pinus,62,460.49370655168656,Cliente C,,Sudeste,0.0
2023-03-12,Compra,Eucalipto,29,356.25229976247704,Fornecedor Y,,Sudeste,0.0
2023-04-10,Venda,MDF,14,490.91159092142215,Cliente B,Maria,Sudeste,11.522151992944659
2022-08-11,Venda,Compensado,58,53.169311580863834,Cliente A,Maria,Sul,69.65738088711991
2023-01-20,Compra,Cedro,8,276.29398402951324,Fornecedor Y,,Sul,97.96943657836111
2021-10-10,Compra,Pinus,67,95.06974887804512,Fornecedor Y,,Sul,0.0
2021-11-27,Venda,Pinus,26,229.7445255638845,Fornecedor X,Maria,Nordeste,0.0
2023-03-10,Venda,Compensado,35,419.38205416840793,Cliente A,Maria,Sul,69.21545372034633
2020-01-31,Compra,Eucalipto,96,273.534542602693,Fornecedor Z,,Sul,0.0
2022-03-22,Compra,MDF,89,388.78136379112277,Fornecedor Z,,Centro-Oeste,62.40137039223277
2021-01-31,Venda,Eucalipto,57,417.2255407014456,Cliente C,Maria,Centro-Oeste,0.0
2022-03-20,Compra,Pinus,66,161.95867868891656,Cliente B,,Sudeste,66.40934674754996
2022-08-05,Compra,Compensado,22,174.71495834301192,Fornecedor Z,,Sudeste,0.0
2021-01-15,Compra,Eucalipto,57,481.58790902708154,Fornecedor X,,Nordeste,0.0
2023-07-22,Venda,MDF,79,58.594639709176626,Fornecedor X,Carlos,Centro-Oeste,62.79415636641044
2021-12-02,Venda,Eucalipto,42,387.74487368918193,Fornecedor Y,João,Sul,0.0
2021-01-01,Compra,Eucalipto,96,144.8433947434578,Cliente C,,Sudeste,0.0
2022-08-22,Venda,Eucalipto,5,166.23519310741648,Cliente C,Ana,Sul,0.0
2020-01-18,Compra,Cedro,30,460.2775317537347,Cliente C,,Centro-Oeste,0.0
2022-01-22,Compra,Eucalipto,6,410.36814493688763,Fornecedor Z,,Sudeste,0.0
2023-12-19,Compra,Compensado,74,86.75589418985929,Fornecedor Z,,Sul,84.85521681745807
2023-06-23,Compra,Eucalipto,39,470.7018709495288,Fornecedor Z,,Sudeste,0.0
2022-08-01,Venda,Eucalipto,89,330.32931988252176,Cliente A,Maria,Sul,0.0
2020-03-19,Compra,Eucalipto,25,466.9634224482715,Fornecedor X,,Sudeste,0.0
2022-01-11,Venda,Eucalipto,59,349.8832871127135,Cliente A,Carlos,Centro-Oeste,0.0
2020-11-24,Compra,Compensado,5,484.0197012607344,Cliente A,,Sudeste,0.0
2020-05-08,Venda,Compensado,63,235.70521177061715,Fornecedor Y,João,Sul,0.0
2023-04-11,Compra,MDF,22,379.67571465817946,Cliente B,,Sudeste,0.0
2021-05-10,Compra,Compensado,95,155.44627954273705,Fornecedor X,,Nordeste,0.0
2023-04-30,Compra,MDF,2,170.98561080687728,Cliente B,,Sudeste,0.0
2023-06-09,Compra,Cedro,67,342.55095053864613,Cliente A,,Nordeste,66.02922914160536
2022-05-07,Compra,Pinus,38,396.3791382335961,Cliente A,,Sul,0.0
2023-10-17,Venda,Compensado,28,453.8895469349378,Fornecedor X,Ana,Sudeste,0.0
2020-03-16,Venda,Compensado,66,140.41010285848512,Fornecedor Z,Carlos,Sudeste,94.6788640745238
2022-12-28,Venda,MDF,66,291.9115121231814,Cliente A,Carlos,Sudeste,0.0
2020-04-24,Compra,Compensado,31,276.18355202956405,Cliente A,,Sudeste,0.0
2021-06-22,Venda,Eucalipto,21,203.75355821830436,Fornecedor Y,João,Sul,0.0
2023-07-02,Venda,Compensado,25,276.4491866863855,Cliente B,Maria,Sul,68.34312586700398
2022-03-29,Venda,Cedro,19,325.90230758115865,Cliente A,João,Centro-Oeste,0.0
2020-09-17,Compra,Cedro,57,411.6620533447861,Fornecedor X,,Nordeste,0.0
2023-12-09,Venda,Pinus,72,284.39698030138,Fornecedor Y,Ana,Nordeste,47.61856769562222
2021-07-04,Venda,Compensado,9,95.85128928719877,Cliente B,João,Nordeste,0.0
2022-10-06,Venda,Compensado,63,173.37381695253507,Cliente A,Maria,Nordeste,0.0
2020-05-25,Venda,Compensado,90,70.0290676742771,Fornecedor X,Ana,Sudeste,0.0
2022-01-26,Compra,Pinus,33,416.5812752116627,Cliente A,,Centro-Oeste,0.0
2020-07-04,Compra,Cedro,20,312.97816471525584,Cliente C,,Centro-Oeste,0.0
2021-04-10,Venda,Pinus,18,314.55604620266655,Cliente C,Maria,Sul,0.0
2020-11-21,Venda,Cedro,34,200.3204967889818,Fornecedor Y,Maria,Sudeste,0.0
2022-05-08,Compra,Eucalipto,61,257.30275624474694,Cliente A,,Nordeste,0.0
2022-10-14,Compra,Compensado,35,251.28624031367028,Cliente B,,Centro-Oeste,0.0
2023-08-04,Venda,MDF,20,378.9546571127674,Cliente A,Ana,Sul,47.703968018555145
2020-04-12,Venda,Pinus,70,462.68455076141595,Cliente C,Maria,Sul,88.69582285374976
2022-03-24,Venda,Eucalipto,31,193.6513840037848,Cliente C,Maria,Nordeste,54.37271126429221
2022-02-06,Compra,Cedro,63,489.4203475165492,Cliente A,,Centro-Oeste,0.0
2020-12-03,Compra,Eucalipto,37,366.0794244862694,Fornecedor Y,,Centro-Oeste,0.0
2022-07-04,Compra,Eucalipto,86,73.4106897632511,Cliente C,,Nordeste,99.95146129537058
2021-03-08,Compra,Compensado,94,185.03018730744796,Fornecedor Y,,Centro-Oeste,43.83740997362252
2021-04-07,Venda,Eucalipto,26,191.0648119309027,Fornecedor Y,Carlos,Nordeste,0.0
2022-03-28,Compra,MDF,90,289.7812095274669,Fornecedor Y,,Nordeste,0.0
2023-12-07,Venda,Cedro,18,125.6531439189763,Cliente B,Maria,Sudeste,0.0
2022-06-23,Venda,MDF,63,352.6899545870555,Fornecedor X,João,Centro-Oeste,26.861211219411
2020-10-21,Venda,Cedro,10,375.49863679728344,Fornecedor X,Ana,Sudeste,0.0
2021-01-06,Compra,Eucalipto,23,217.5381943578715,Fornecedor Y,,Nordeste,0.0
2021-06-04,Venda,MDF,35,75.16685755770155,Cliente B,Maria,Sul,0.0
2022-01-22,Compra,Pinus,43,121.79298050979061,Fornecedor Z,,Sudeste,89.41682677994096
2022-11-01,Venda,Eucalipto,2,375.3757064571484,Cliente C,João,Nordeste,97.3105197776589
2021-03-03,Compra,Pinus,32,404.6158173087599,Fornecedor X,,Nordeste,23.106578203488105
2020-08-16,Compra,Eucalipto,40,471.8665275795971,Fornecedor X,,Sudeste,31.90983550888696
2021-07-09,Compra,Pinus,28,324.9168743675651,Cliente C,,Sudeste,0.0
2022-01-15,Venda,Compensado,93,466.9994992490915,Fornecedor X,Maria,Sudeste,0.0
2020-10-06,Compra,Eucalipto,53,230.43664700975827,Fornecedor X,,Nordeste,0.0
2023-08-21,Compra,Eucalipto,57,401.25772661942295,Fornecedor Y,,Centro-Oeste,0.0
2021-04-20,Venda,Cedro,4,81.68241308113137,Fornecedor Y,Ana,Sul,0.0
2021-10-29,Venda,MDF,95,222.69760608983415,Cliente B,Ana,Centro-Oeste,0.0
2022-05-21,Venda,Cedro,71,92.68213696392024,Cliente B,Carlos,Sudeste,0.0
2023-02-12,Compra,Pinus,48,134.387250310475,Cliente A,,Nordeste,60.115482522121695
2022-11-28,Venda,MDF,74,230.1484407848412,Fornecedor X,Carlos,Centro-Oeste,0.0
2022-07-17,Compra,Eucalipto,83,433.19172735406653,Fornecedor X,,Sul,0.0
2023-12-26,Compra,Compensado,54,438.6005613492394,Fornecedor X,,Nordeste,0.0
2021-01-13,Compra,Eucalipto,73,348.99070396670504,Cliente C,,Sul,0.0
2020-08-23,Venda,Cedro,60,323.05680311960157,Fornecedor Z,Ana,Centro-Oeste,0.0
2020-06-03,Venda,MDF,33,249.99843095217443,Cliente C,João,Sudeste,0.0
2020-10-24,Compra,Pinus,87,225.24560603495294,Cliente C,,Sudeste,0.0
2023-07-28,Venda,Compensado,62,87.46594612278446,Cliente B,Maria,Sudeste,0.0
2022-10-28,Venda,MDF,35,400.0592330368416,Fornecedor Z,Ana,Sudeste,0.0
2020-12-13,Compra,Eucalipto,96,320.49102532833626,Cliente A,,Sul,0.0
2020-11-03,Compra,Cedro,9,203.98388259139585,Cliente A,,Sul,0.0
2022-05-02,Venda,Eucalipto,6,328.1463345027636,Cliente A,João,Sul,48.366794566308336
2023-11-16,Compra,Pinus,67,357.1696759015874,Cliente B,,Sul,98.10276005079098
2021-09-21,Compra,Cedro,90,92.47886415673662,Cliente A,,Nordeste,0.0
2023-06-30,Compra,Compensado,35,340.35694004899926,Fornecedor Z,,Centro-Oeste,0.0
2023-01-08,Venda,Cedro,75,364.0389779084649,Cliente B,João,Nordeste,56.63851589642688
2021-10-01,Venda,Eucalipto,62,485.7886087251835,Cliente A,João,Sudeste,0.0
2021-03-14,Venda,Compensado,89,259.57650995037386,Cliente A,Maria,Sul,0.0
2021-09-17,Compra,Compensado,27,334.4550928020604,Cliente A,,Nordeste,0.0
2020-12-22,Venda,MDF,25,67.73791330416334,Cliente C,João,Centro-Oeste,0.0
2020-12-28,Compra,Cedro,13,288.5235526455714,Cliente A,,Centro-Oeste,51.36532765596338
2021-02-25,Compra,MDF,62,384.1861953567607,Cliente C,,Centro-Oeste,0.0
2023-11-06,Compra,Pinus,52,387.57237482957044,Fornecedor Z,,Sul,0.0
2023-06-15,Compra,MDF,8,248.27140132662862,Cliente B,,Sul,0.0
2021-09-26,Compra,Cedro,20,482.0981325722711,Fornecedor X,,Nordeste,0.0
2020-06-14,Compra,Cedro,93,473.3105844754543,Cliente B,,Centro-Oeste,0.0
